MessageId,CreationDateTime,NumberOfTransactions,ControlSum,InitiatingPartyName,PaymentInformationId,PaymentMethod,RequestedExecutionDate,InstructionId,EndToEndId,Amount,Currency,DebtorName,DebtorIBAN,DebtorBIC,CreditorName,CreditorIBAN,CreditorBIC,CreditorStreet,CreditorBuildingNumber,CreditorTown,CreditorCountry,PurposeCode,RemittanceInformation,SourceFile
MSG1-8d52ed14,2025-10-10T17:36:40+00:00,29,161325.46,Allison Hill,PMT-315b99,TRF,2023-05-06,INSTR-1,E2E-1e3cfab5d3,7893.58,USD,Allison Hill,DE56HEXD81960013389083,WUWRGB0O,Donald Booth,PT11DCMD55940781618495,SGWCGBCO,Helen Junctions,177,Ericmouth,PT,DIVD,World talk term herself law.,pain001_1.xml
MSG1-8d52ed14,2025-10-10T17:36:40+00:00,29,161325.46,Allison Hill,PMT-315b99,TRF,2023-05-06,INSTR-2,E2E-b63616bdc1,1963.92,USD,Allison Hill,DE56HEXD81960013389083,WUWRGB0O,Kimberly Sanchez,ES66YYBH05641395376724,EHXRGB8Q,Gray Route,184,Lake Mark,ES,TRAD,Physical society instead as.,pain001_1.xml
MSG1-8d52ed14,2025-10-10T17:36:40+00:00,29,161325.46,Allison Hill,PMT-315b99,TRF,2023-05-06,INSTR-3,E2E-af071a4ef7,2265.9,EUR,Allison Hill,DE56HEXD81960013389083,WUWRGB0O,Stephen Potter,BE15XXIQ28148932528809,KPADGBXT,Rodriguez Mews,171,South Aaron,BE,SUPP,Around there water beat magazine.,pain001_1.xml
MSG1-8d52ed14,2025-10-10T17:36:40+00:00,29,161325.46,Allison Hill,PMT-315b99,TRF,2023-05-06,INSTR-4,E2E-3664e52fc7,2404.69,EUR,Allison Hill,DE56HEXD81960013389083,WUWRGB0O,Carmen Rose,PL55VULO87133150983930,CWUBGBOE,Brandt Plains,50,Lake Larry,PL,SUPP,Teacher audience draw.,pain001_1.xml
MSG1-8d52ed14,2025-10-10T17:36:40+00:00,29,161325.46,Allison Hill,PMT-315b99,TRF,2023-05-06,INSTR-5,E2E-aa9fab52d6,548036.6,JPY,Allison Hill,DE56HEXD81960013389083,WUWRGB0O,Brent Jordan,GB57BMXK13338726247317,ZRDBGB8A,Jenkins Way,145,Lake Deniseville,GB,TRAD,Unit support coach magazine.,pain001_1.xml
MSG1-8d52ed14,2025-10-10T17:36:40+00:00,29,161325.46,Allison Hill,PMT-315b99,TRF,2023-05-06,INSTR-6,E2E-da9d4ad804,2037.71,CAD,Allison Hill,DE56HEXD81960013389083,WUWRGB0O,Rachel Mitchell,IT77RBXK00978820812191,VHMDGBPC,Moore Hill,67,North Beth,IT,SALA,Public feel first sell.,pain001_1.xml
MSG1-8d52ed14,2025-10-10T17:36:40+00:00,29,161325.46,Allison Hill,PMT-315b99,TRF,2023-05-06,INSTR-7,E2E-b5d9875ba0,2457.35,CHF,Allison Hill,DE56HEXD81960013389083,WUWRGB0O,Katie Anderson,PL56RWJT80841241182449,GWKGGBQ6,Ibarra Gardens,111,Justinmouth,PL,GOVT,Pm energy scientist necessary.,pain001_1.xml
MSG1-8d52ed14,2025-10-10T17:36:40+00:00,29,161325.46,Allison Hill,PMT-315b99,TRF,2023-05-06,INSTR-8,E2E-b2d1f28b68,9457.7,EUR,Allison Hill,DE56HEXD81960013389083,WUWRGB0O,Juan Jordan,PL68VDLY86923226025634,FZWDGBYC,Kyle Underpass,111,West Jasonbury,PL,SUPP,Although others generation skill job.,pain001_1.xml
MSG1-8d52ed14,2025-10-10T17:36:40+00:00,29,161325.46,Allison Hill,PMT-315b99,TRF,2023-05-06,INSTR-9,E2E-5b96da73d4,8005.42,CHF,Allison Hill,DE56HEXD81960013389083,WUWRGB0O,Teresa Mclaughlin,FR81XJQJ65648236629946,RAJJGBN1,Michael Cliff,138,Cindyville,FR,TAXS,Exist professional people behavior.,pain001_1.xml
MSG1-8d52ed14,2025-10-10T17:36:40+00:00,29,161325.46,Allison Hill,PMT-315b99,TRF,2023-05-06,INSTR-10,E2E-2207db037d,10299.27,CAD,Allison Hill,DE56HEXD81960013389083,WUWRGB0O,Samuel Jones,PL39PMHE01632870831727,VQRTGBU2,Mercado Ports,130,Lake Heather,PL,INTC,Style everyone sing machine dream.,pain001_1.xml
MSG1-8d52ed14,2025-10-10T17:36:40+00:00,29,161325.46,Allison Hill,PMT-315b99,TRF,2023-05-06,INSTR-11,E2E-850b5b150b,8840.06,CAD,Allison Hill,DE56HEXD81960013389083,WUWRGB0O,Michael Mccarthy,BE80NMYS09670546688937,HINPGBBY,Robert Isle,138,Perryborough,BE,SUPP,Employee force lawyer.,pain001_1.xml
MSG1-8d52ed14,2025-10-10T17:36:40+00:00,29,161325.46,Allison Hill,PMT-315b99,TRF,2023-05-06,INSTR-12,E2E-8a51f30b4b,34747.75,PLN,Allison Hill,DE56HEXD81960013389083,WUWRGB0O,Joshua Cooke,PT45GATE32719374529912,JDSAGBTY,Walker Cliff,161,Port Anthonybury,PT,SALA,Walk cup option store drug recent.,pain001_1.xml
MSG1-8d52ed14,2025-10-10T17:36:40+00:00,29,161325.46,Allison Hill,PMT-315b99,TRF,2023-05-06,INSTR-13,E2E-6f32f1ce7f,37732.93,PLN,Allison Hill,DE56HEXD81960013389083,WUWRGB0O,Jeffrey Wood,DE43UOWE62849877694531,IOHYGB3Y,Smith Manor,101,Garciastad,DE,TAXS,Building court build movie several.,pain001_1.xml
MSG1-8d52ed14,2025-10-10T17:36:40+00:00,29,161325.46,Allison Hill,PMT-315b99,TRF,2023-05-06,INSTR-14,E2E-8d071781e8,1294.37,EUR,Allison Hill,DE56HEXD81960013389083,WUWRGB0O,Linda Hooper,BE92REIB08427109477752,BIPDGBEZ,Kenneth Lake,59,West Alexis,BE,SUPP,Newspaper indicate other peace.,pain001_1.xml
MSG1-8d52ed14,2025-10-10T17:36:40+00:00,29,161325.46,Allison Hill,PMT-315b99,TRF,2023-05-06,INSTR-15,E2E-f55f5df86c,14348.75,CAD,Allison Hill,DE56HEXD81960013389083,WUWRGB0O,Annette Farmer,PT30CFAN79740344713493,NDRHGBJR,Joseph Common,189,East Glenn,PT,TRAD,Author coach film see.,pain001_1.xml
MSG1-8d52ed14,2025-10-10T17:36:40+00:00,29,161325.46,Allison Hill,PMT-315b99,TRF,2023-05-06,INSTR-16,E2E-973216dd9b,2039.93,USD,Allison Hill,DE56HEXD81960013389083,WUWRGB0O,Kyle Preston,ES27SAYV49027874296717,LNKKGBGK,Munoz Burg,170,East Suzanneshire,ES,TRAD,In many production hundred set already.,pain001_1.xml
MSG1-8d52ed14,2025-10-10T17:36:40+00:00,29,161325.46,Allison Hill,PMT-315b99,TRF,2023-05-06,INSTR-17,E2E-c8bea618c9,41012.67,PLN,Allison Hill,DE56HEXD81960013389083,WUWRGB0O,Virginia Sandoval,BE91UOYB34824771093248,ARNCGBOH,Gutierrez Field,14,Cindyfort,BE,SUPP,Everybody so increase various.,pain001_1.xml
MSG1-8d52ed14,2025-10-10T17:36:40+00:00,29,161325.46,Allison Hill,PMT-315b99,TRF,2023-05-06,INSTR-18,E2E-4c05c2b307,30041.16,PLN,Allison Hill,DE56HEXD81960013389083,WUWRGB0O,John Cook,FR47MHYN05766270289517,DQOAGBJ0,Gibson Islands,107,Lake John,FR,TRAD,Avoid sit enter perhaps.,pain001_1.xml
MSG1-8d52ed14,2025-10-10T17:36:40+00:00,29,161325.46,Allison Hill,PMT-315b99,TRF,2023-05-06,INSTR-19,E2E-6587fcb091,5248.98,CHF,Allison Hill,DE56HEXD81960013389083,WUWRGB0O,Olivia Brennan,BE29NDYU17240050455623,QNSVGBLK,Christina Freeway,39,Wendyland,BE,DIVD,Bad that people drive.,pain001_1.xml
MSG1-8d52ed14,2025-10-10T17:36:40+00:00,29,161325.46,Allison Hill,PMT-315b99,TRF,2023-05-06,INSTR-20,E2E-c7cd4f7695,6398.92,GBP,Allison Hill,DE56HEXD81960013389083,WUWRGB0O,Jeremy Reed,IT82GMPD36959440640909,XPJYGBOW,Fowler Manors,23,Stephenport,IT,SALA,Pm per question return process.,pain001_1.xml
MSG1-8d52ed14,2025-10-10T17:36:40+00:00,29,161325.46,Allison Hill,PMT-315b99,TRF,2023-05-06,INSTR-21,E2E-c1487d71b5,324.79,CHF,Allison Hill,DE56HEXD81960013389083,WUWRGB0O,Kevin Oconnor,ES59ZRLQ84247451712368,LCZMGBAQ,Renee Islands,131,Thompsonberg,ES,DIVD,Buy happy see energy herself police he.,pain001_1.xml
MSG1-8d52ed14,2025-10-10T17:36:40+00:00,29,161325.46,Allison Hill,PMT-315b99,TRF,2023-05-06,INSTR-22,E2E-01c6a5f59f,7508.15,GBP,Allison Hill,DE56HEXD81960013389083,WUWRGB0O,Madison Marshall,NL19JPDD38267586926179,NIBWGBXN,Banks Crescent,130,North Sophia,NL,TRAD,Know door guy wonder happen top.,pain001_1.xml
MSG1-8d52ed14,2025-10-10T17:36:40+00:00,29,161325.46,Allison Hill,PMT-315b99,TRF,2023-05-06,INSTR-23,E2E-21056b49b4,7952.02,GBP,Allison Hill,DE56HEXD81960013389083,WUWRGB0O,Mark Maddox,PT61CYRG93352904228421,VAEAGBWP,Kristin Gardens,107,Port Anne,PT,SUPP,Leader who article look husband.,pain001_1.xml
MSG1-8d52ed14,2025-10-10T17:36:40+00:00,29,161325.46,Allison Hill,PMT-315b99,TRF,2023-05-06,INSTR-24,E2E-411f5009d1,2548.74,GBP,Allison Hill,DE56HEXD81960013389083,WUWRGB0O,Ana Hill,GB67DZWD83673657661565,VILEGB4E,James Ranch,74,Shawnchester,GB,SUPP,Story behavior benefit school.,pain001_1.xml
MSG1-8d52ed14,2025-10-10T17:36:40+00:00,29,161325.46,Allison Hill,PMT-315b99,TRF,2023-05-06,INSTR-25,E2E-ccc30dec27,8700.21,CHF,Allison Hill,DE56HEXD81960013389083,WUWRGB0O,Hayden Ortega,IT55DSQG27315851493689,TVURGBBR,Parrish Stravenue,70,West Carolinestad,IT,TRAD,Congress reflect finally.,pain001_1.xml
MSG1-8d52ed14,2025-10-10T17:36:40+00:00,29,161325.46,Allison Hill,PMT-315b99,TRF,2023-05-06,INSTR-26,E2E-fed6d0f9d2,4538.9,EUR,Allison Hill,DE56HEXD81960013389083,WUWRGB0O,Anna Moreno,PL60KYST10229014767976,IGYQGBHW,Barnes Junctions,135,West Larry,PL,TRAD,Book question or money final determine.,pain001_1.xml
MSG1-8d52ed14,2025-10-10T17:36:40+00:00,29,161325.46,Allison Hill,PMT-315b99,TRF,2023-05-06,INSTR-27,E2E-3628e10da7,9362.61,CAD,Allison Hill,DE56HEXD81960013389083,WUWRGB0O,Carl Patel,FR23NAOC59696641605297,WLCNGBGP,Vincent Village,91,Charleston,FR,PENS,Open model how financial fund four.,pain001_1.xml
MSG1-8d52ed14,2025-10-10T17:36:40+00:00,29,161325.46,Allison Hill,PMT-315b99,TRF,2023-05-06,INSTR-28,E2E-f5efd3c447,9697.94,USD,Allison Hill,DE56HEXD81960013389083,WUWRGB0O,Heather Mullen,DE97YYUC27799799552717,OUJZGBRD,Joel Drive,140,Jamesberg,DE,PENS,Medical financial later arm story baby.,pain001_1.xml
MSG1-8d52ed14,2025-10-10T17:36:40+00:00,29,161325.46,Allison Hill,PMT-315b99,TRF,2023-05-06,INSTR-29,E2E-1949a507d2,6663.07,PLN,Allison Hill,DE56HEXD81960013389083,WUWRGB0O,Stephanie Cole,PL81ZKWC82037788925546,NYKVGBDV,Marc Mountains,185,North Shannon,PL,DIVD,Form newspaper hit edge.,pain001_1.xml
MSG2-58448ee4,2025-10-10T17:36:40+00:00,108,497563.87,Teresa Collins,PMT-17c71d,TRF,2025-03-29,INSTR-1,E2E-6232fea72a,644.16,CHF,Teresa Collins,DE64MUZK28168505423573,HEECGBSG,Kimberly Rodgers,DE10FFWY92706537947383,JZZPGBMX,Ebony Wells,34,New Nicholas,DE,SUPP,Base civil last message store.,pain001_2.xml
MSG2-58448ee4,2025-10-10T17:36:40+00:00,108,497563.87,Teresa Collins,PMT-17c71d,TRF,2025-03-29,INSTR-2,E2E-06d5886b25,34960.9,PLN,Teresa Collins,DE64MUZK28168505423573,HEECGBSG,Anthony Shaw,PT94DWUK22047277901043,ERXTGB71,Paul Common,139,Jeffreymouth,PT,PENS,Simply down business draw.,pain001_2.xml
MSG2-58448ee4,2025-10-10T17:36:40+00:00,108,497563.87,Teresa Collins,PMT-17c71d,TRF,2025-03-29,INSTR-3,E2E-9bc3c83dbb,2546.18,GBP,Teresa Collins,DE64MUZK28168505423573,HEECGBSG,Lucas Allen,DE89QRQZ88067065405153,XVUDGBVI,Lopez Skyway,151,New Theresaland,DE,TRAD,Good full poor.,pain001_2.xml
MSG2-58448ee4,2025-10-10T17:36:40+00:00,108,497563.87,Teresa Collins,PMT-17c71d,TRF,2025-03-29,INSTR-4,E2E-db66529370,5767.34,CHF,Teresa Collins,DE64MUZK28168505423573,HEECGBSG,Rick Blackwell,PL27PIBY34505415667652,PWPLGB7R,Mahoney Passage,103,Haysside,PL,PENS,Risk bad own state.,pain001_2.xml
MSG2-58448ee4,2025-10-10T17:36:40+00:00,108,497563.87,Teresa Collins,PMT-17c71d,TRF,2025-03-29,INSTR-5,E2E-fb409a7d01,73488.01,JPY,Teresa Collins,DE64MUZK28168505423573,HEECGBSG,Jeremy Acosta,FR35CVUM58202970213556,SBTEGB2X,Mendez Mews,53,Danielleton,FR,TAXS,Know baby case happen fire everything.,pain001_2.xml
MSG2-58448ee4,2025-10-10T17:36:40+00:00,108,497563.87,Teresa Collins,PMT-17c71d,TRF,2025-03-29,INSTR-6,E2E-974a345bfe,4523.34,EUR,Teresa Collins,DE64MUZK28168505423573,HEECGBSG,Reginald Padilla,BE30COFW71551884422583,DGZEGBP5,Wendy Heights,15,Gonzalezberg,BE,TRAD,Guess occur level.,pain001_2.xml
MSG2-58448ee4,2025-10-10T17:36:40+00:00,108,497563.87,Teresa Collins,PMT-17c71d,TRF,2025-03-29,INSTR-7,E2E-1d5441df92,2501.1,CHF,Teresa Collins,DE64MUZK28168505423573,HEECGBSG,Kenneth Martinez,PT65EYRU92268018242253,LQJCGBQM,Day Mission,168,Frazierstad,PT,TRAD,Probably result painting successful.,pain001_2.xml
MSG2-58448ee4,2025-10-10T17:36:40+00:00,108,497563.87,Teresa Collins,PMT-17c71d,TRF,2025-03-29,INSTR-8,E2E-b0994f16ce,3339.32,GBP,Teresa Collins,DE64MUZK28168505423573,HEECGBSG,Lisa Johnson,FR67JOCW02767735925556,EYLQGB9G,May Hollow,184,Sanchezfurt,FR,INTC,Drop business last cell anything war.,pain001_2.xml
MSG2-58448ee4,2025-10-10T17:36:40+00:00,108,497563.87,Teresa Collins,PMT-17c71d,TRF,2025-03-29,INSTR-9,E2E-cf963cde83,29136.88,PLN,Teresa Collins,DE64MUZK28168505423573,HEECGBSG,Julie Koch DDS,FR64SLBB47974801624565,BMBSGB9M,Sierra Parkways,124,Levyborough,FR,GOVT,On someone rise read ago listen.,pain001_2.xml
MSG2-58448ee4,2025-10-10T17:36:40+00:00,108,497563.87,Teresa Collins,PMT-17c71d,TRF,2025-03-29,INSTR-10,E2E-2d0ee67b26,13583.17,CAD,Teresa Collins,DE64MUZK28168505423573,HEECGBSG,Amanda Vaughan,FR28WGNQ97028385786527,RKRLGBQ4,James Mill,23,Robertchester,FR,SUPP,Whatever everything fear walk word.,pain001_2.xml
MSG2-58448ee4,2025-10-10T17:36:40+00:00,108,497563.87,Teresa Collins,PMT-17c71d,TRF,2025-03-29,INSTR-11,E2E-6126345cb9,183.68,GBP,Teresa Collins,DE64MUZK28168505423573,HEECGBSG,Mikayla Roberts,PT26JBJW15747338484219,XSHHGBD7,Huang Locks,28,Stephanieberg,PT,INTC,Point appear including response beyond.,pain001_2.xml
MSG2-58448ee4,2025-10-10T17:36:40+00:00,108,497563.87,Teresa Collins,PMT-17c71d,TRF,2025-03-29,INSTR-12,E2E-89da20005d,1450811.07,JPY,Teresa Collins,DE64MUZK28168505423573,HEECGBSG,Sherry Woods,NL34YCUS38026206724004,STDKGBS3,Katelyn Heights,128,Justinton,NL,INTC,Despite card check security paper.,pain001_2.xml
MSG2-58448ee4,2025-10-10T17:36:40+00:00,108,497563.87,Teresa Collins,PMT-17c71d,TRF,2025-03-29,INSTR-13,E2E-3f54e6f06e,6677.41,GBP,Teresa Collins,DE64MUZK28168505423573,HEECGBSG,Linda Cobb,DE11QGSR22587139718707,EQNOGBD9,Rice Lake,129,New Danielside,DE,TAXS,General as yes various attorney value.,pain001_2.xml
MSG2-58448ee4,2025-10-10T17:36:40+00:00,108,497563.87,Teresa Collins,PMT-17c71d,TRF,2025-03-29,INSTR-14,E2E-1ba12565d1,2103.53,EUR,Teresa Collins,DE64MUZK28168505423573,HEECGBSG,Monica Stuart,ES29MCVV82512868230047,VXRNGB8Y,Haney Light,57,Kanefurt,ES,TAXS,Easy get every visit right.,pain001_2.xml
MSG2-58448ee4,2025-10-10T17:36:40+00:00,108,497563.87,Teresa Collins,PMT-17c71d,TRF,2025-03-29,INSTR-15,E2E-d9b0a4b1c2,1138942.82,JPY,Teresa Collins,DE64MUZK28168505423573,HEECGBSG,Cynthia Jones,GB11OHRG02843959953428,HNJIGBD9,Sean Spring,66,East Joyfurt,GB,TAXS,Tax certain leg arm include.,pain001_2.xml
MSG2-58448ee4,2025-10-10T17:36:40+00:00,108,497563.87,Teresa Collins,PMT-17c71d,TRF,2025-03-29,INSTR-16,E2E-f6ea9885ad,391.77,PLN,Teresa Collins,DE64MUZK28168505423573,HEECGBSG,Anna Hardy,NL35XVRG73540331739363,RKYJGBY3,Brett Lane,58,Port Charlesshire,NL,PENS,Network once result far cultural.,pain001_2.xml
MSG2-58448ee4,2025-10-10T17:36:40+00:00,108,497563.87,Teresa Collins,PMT-17c71d,TRF,2025-03-29,INSTR-17,E2E-7545587f5f,5543.0,EUR,Teresa Collins,DE64MUZK28168505423573,HEECGBSG,Roberto Levy,DE73PFRU08010062312038,OLBTGB45,Murray Street,53,Garyside,DE,DIVD,According necessary activity.,pain001_2.xml
MSG2-58448ee4,2025-10-10T17:36:40+00:00,108,497563.87,Teresa Collins,PMT-17c71d,TRF,2025-03-29,INSTR-18,E2E-7830b10aae,400203.91,JPY,Teresa Collins,DE64MUZK28168505423573,HEECGBSG,Thomas Warren,BE89ZMCL67933410166687,BUAWGBKF,James Pine,29,Lisaview,BE,SALA,Deep test thought little another.,pain001_2.xml
MSG2-58448ee4,2025-10-10T17:36:40+00:00,108,497563.87,Teresa Collins,PMT-17c71d,TRF,2025-03-29,INSTR-19,E2E-58fec1adc7,863952.42,JPY,Teresa Collins,DE64MUZK28168505423573,HEECGBSG,Samuel Smith,PT77FSHS68562185016315,TYTTGBZU,Brenda Terrace,200,Hickmanport,PT,DIVD,Plant situation late.,pain001_2.xml
MSG2-58448ee4,2025-10-10T17:36:40+00:00,108,497563.87,Teresa Collins,PMT-17c71d,TRF,2025-03-29,INSTR-20,E2E-555936bc3e,11670.86,CAD,Teresa Collins,DE64MUZK28168505423573,HEECGBSG,Luke Yates,PL86XMKL11047541212678,RQNDGBBF,Christopher Drives,41,Dawsonberg,PL,TRAD,Right nice yeah drug.,pain001_2.xml
MSG2-58448ee4,2025-10-10T17:36:40+00:00,108,497563.87,Teresa Collins,PMT-17c71d,TRF,2025-03-29,INSTR-21,E2E-03b670a54e,2822.45,GBP,Teresa Collins,DE64MUZK28168505423573,HEECGBSG,John Jones,PL98ODEJ06596575692459,WGPKGBLZ,Raymond Stravenue,61,Wheelerborough,PL,INTC,Fact reason make office drug heavy.,pain001_2.xml
MSG2-58448ee4,2025-10-10T17:36:40+00:00,108,497563.87,Teresa Collins,PMT-17c71d,TRF,2025-03-29,INSTR-22,E2E-8e46e69e9a,581.73,USD,Teresa Collins,DE64MUZK28168505423573,HEECGBSG,Nicholas Hahn,PT99VPEU43426617979688,WNRBGBX8,Samuel Highway,188,Port Melaniechester,PT,GOVT,General agency bit indeed.,pain001_2.xml
MSG2-58448ee4,2025-10-10T17:36:40+00:00,108,497563.87,Teresa Collins,PMT-17c71d,TRF,2025-03-29,INSTR-23,E2E-8e2e4b47e4,1752.75,EUR,Teresa Collins,DE64MUZK28168505423573,HEECGBSG,Daniel Webb,GB63BZWD05123828258673,ZMUFGBL1,Davis Stravenue,98,Floresport,GB,GOVT,Ahead pass culture or home relate.,pain001_2.xml
MSG2-58448ee4,2025-10-10T17:36:40+00:00,108,497563.87,Teresa Collins,PMT-17c71d,TRF,2025-03-29,INSTR-24,E2E-a0288ce771,3637.69,EUR,Teresa Collins,DE64MUZK28168505423573,HEECGBSG,Holly Gonzalez,ES53TMTM91557924991251,HJDFGBXJ,Jose Wall,159,Rosemouth,ES,SUPP,Never majority cell fire.,pain001_2.xml
MSG2-58448ee4,2025-10-10T17:36:40+00:00,108,497563.87,Teresa Collins,PMT-17c71d,TRF,2025-03-29,INSTR-25,E2E-b6b08a6a93,26471.82,PLN,Teresa Collins,DE64MUZK28168505423573,HEECGBSG,Jennifer Vasquez,NL60BIHR42797881914858,YBYXGB28,Burns Corner,4,Port Kathleenport,NL,INTC,Wrong bill stop seem fear.,pain001_2.xml
MSG2-58448ee4,2025-10-10T17:36:40+00:00,108,497563.87,Teresa Collins,PMT-17c71d,TRF,2025-03-29,INSTR-26,E2E-c304106ccc,994812.87,JPY,Teresa Collins,DE64MUZK28168505423573,HEECGBSG,Xavier Rowe,ES83FTEZ33095849825449,IQVDGBI0,Jason Street,131,Michellechester,ES,TAXS,Yeah term camera tend.,pain001_2.xml
MSG2-58448ee4,2025-10-10T17:36:40+00:00,108,497563.87,Teresa Collins,PMT-17c71d,TRF,2025-03-29,INSTR-27,E2E-f601a53d9a,5130.58,USD,Teresa Collins,DE64MUZK28168505423573,HEECGBSG,Mark Burton,DE96WLOP59017518636374,KJKRGBI5,Hayes Roads,85,South Zacharyview,DE,PENS,Kid a when dark.,pain001_2.xml
MSG2-58448ee4,2025-10-10T17:36:40+00:00,108,497563.87,Teresa Collins,PMT-17c71d,TRF,2025-03-29,INSTR-28,E2E-8fc67ba523,7949.04,EUR,Teresa Collins,DE64MUZK28168505423573,HEECGBSG,Isaac Miller,ES37NUCW10371293870051,NWEPGBEO,Brett Road,80,Jessicabury,ES,PENS,Political quality attention none.,pain001_2.xml
MSG2-58448ee4,2025-10-10T17:36:40+00:00,108,497563.87,Teresa Collins,PMT-17c71d,TRF,2025-03-29,INSTR-29,E2E-dd52519dfc,2601.14,EUR,Teresa Collins,DE64MUZK28168505423573,HEECGBSG,Brian Goodwin,DE80IUCH89994043898364,UBZZGBP5,Bell Meadow,192,Kyliebury,DE,TAXS,Both matter order month within would.,pain001_2.xml
MSG2-58448ee4,2025-10-10T17:36:40+00:00,108,497563.87,Teresa Collins,PMT-17c71d,TRF,2025-03-29,INSTR-30,E2E-4a1ca9b0ab,760077.86,JPY,Teresa Collins,DE64MUZK28168505423573,HEECGBSG,Patricia Smith,GB94QJUW86661889241418,GZERGBUZ,Alexander Forge,138,North Stacyfurt,GB,INTC,Under break partner area.,pain001_2.xml
MSG2-58448ee4,2025-10-10T17:36:40+00:00,108,497563.87,Teresa Collins,PMT-17c71d,TRF,2025-03-29,INSTR-31,E2E-1975536b0a,1329.62,CHF,Teresa Collins,DE64MUZK28168505423573,HEECGBSG,Kelly Logan,PT91YAKZ64814917785079,FLFIGBGH,Jackson Crossroad,183,Jessicaville,PT,TRAD,Scientist able teach activity animal.,pain001_2.xml
MSG2-58448ee4,2025-10-10T17:36:40+00:00,108,497563.87,Teresa Collins,PMT-17c71d,TRF,2025-03-29,INSTR-32,E2E-61cfe16b52,44078.55,PLN,Teresa Collins,DE64MUZK28168505423573,HEECGBSG,Jennifer Morris,GB43LDQV02380617445187,ALGJGBTP,Moon Island,19,Margaretshire,GB,GOVT,According improve do get.,pain001_2.xml
MSG2-58448ee4,2025-10-10T17:36:40+00:00,108,497563.87,Teresa Collins,PMT-17c71d,TRF,2025-03-29,INSTR-33,E2E-7ac7fd2b10,1484.66,EUR,Teresa Collins,DE64MUZK28168505423573,HEECGBSG,Monica Garcia,BE63BHQN57191826199062,HJIKGBZU,Robert Circle,84,Lake Joshua,BE,TAXS,Laugh do want carry show board.,pain001_2.xml
MSG2-58448ee4,2025-10-10T17:36:40+00:00,108,497563.87,Teresa Collins,PMT-17c71d,TRF,2025-03-29,INSTR-34,E2E-e59c1c2e30,7369.59,USD,Teresa Collins,DE64MUZK28168505423573,HEECGBSG,Christine Parker,IT64WWTB35213568044206,ORXRGBPG,Phelps Course,45,Port Gina,IT,SUPP,Head piece popular old else spend.,pain001_2.xml
MSG2-58448ee4,2025-10-10T17:36:40+00:00,108,497563.87,Teresa Collins,PMT-17c71d,TRF,2025-03-29,INSTR-35,E2E-2dec4b6c8f,1403541.09,JPY,Teresa Collins,DE64MUZK28168505423573,HEECGBSG,Anna Boone,NL21XMPA66253244720999,HUJPGB09,Martinez Mountain,73,East Sandrachester,NL,PENS,Shake way offer work.,pain001_2.xml
MSG2-58448ee4,2025-10-10T17:36:40+00:00,108,497563.87,Teresa Collins,PMT-17c71d,TRF,2025-03-29,INSTR-36,E2E-d3ff47ed79,5853.35,CHF,Teresa Collins,DE64MUZK28168505423573,HEECGBSG,Suzanne Johnson,IT46ZPRJ27010393087059,GZEKGBLU,Meza Port,158,New Stacy,IT,INTC,Against only true similar.,pain001_2.xml
MSG2-58448ee4,2025-10-10T17:36:40+00:00,108,497563.87,Teresa Collins,PMT-17c71d,TRF,2025-03-29,INSTR-37,E2E-8cfc5101c7,8713.96,USD,Teresa Collins,DE64MUZK28168505423573,HEECGBSG,Christopher Fry,ES71FMJX42209690295939,DPEKGBEP,Banks Extensions,155,Jeffreyshire,ES,SUPP,Land enter economic attack either blue.,pain001_2.xml
MSG2-58448ee4,2025-10-10T17:36:40+00:00,108,497563.87,Teresa Collins,PMT-17c71d,TRF,2025-03-29,INSTR-38,E2E-e8b15012c2,17854.81,PLN,Teresa Collins,DE64MUZK28168505423573,HEECGBSG,Jason Macias,GB51UYVH27104054115262,XCRCGBV4,Payne Courts,135,Kramershire,GB,SUPP,Issue president parent.,pain001_2.xml
MSG2-58448ee4,2025-10-10T17:36:40+00:00,108,497563.87,Teresa Collins,PMT-17c71d,TRF,2025-03-29,INSTR-39,E2E-5be168cb7f,692661.85,JPY,Teresa Collins,DE64MUZK28168505423573,HEECGBSG,Deborah Campbell,GB11ANCJ97310324171467,PVICGB8Y,Cody Lock,121,Hernandezstad,GB,DIVD,He high cost and.,pain001_2.xml
MSG2-58448ee4,2025-10-10T17:36:40+00:00,108,497563.87,Teresa Collins,PMT-17c71d,TRF,2025-03-29,INSTR-40,E2E-d04f236b09,560.92,USD,Teresa Collins,DE64MUZK28168505423573,HEECGBSG,Gregg Weaver,FR23RVPS37416089899217,FFGZGBMI,Angela Ville,173,Cardenaschester,FR,PENS,Interest write itself.,pain001_2.xml
MSG2-58448ee4,2025-10-10T17:36:40+00:00,108,497563.87,Teresa Collins,PMT-17c71d,TRF,2025-03-29,INSTR-41,E2E-ae3633b2c5,680782.93,JPY,Teresa Collins,DE64MUZK28168505423573,HEECGBSG,Kelly Stark,PT54ESSS11914856467997,BFIMGBJZ,Kristin Road,153,Rodriguezberg,PT,INTC,How these real. Second TV today.,pain001_2.xml
MSG2-58448ee4,2025-10-10T17:36:40+00:00,108,497563.87,Teresa Collins,PMT-17c71d,TRF,2025-03-29,INSTR-42,E2E-5c206a81fb,3029.31,CHF,Teresa Collins,DE64MUZK28168505423573,HEECGBSG,Shannon Cohen,ES60IXNT13736785082148,MEYQGBBL,Dennis Summit,171,Schroedermouth,ES,TAXS,Relate ever statement measure play buy.,pain001_2.xml
MSG2-58448ee4,2025-10-10T17:36:40+00:00,108,497563.87,Teresa Collins,PMT-17c71d,TRF,2025-03-29,INSTR-43,E2E-5ac27c591e,2953.21,GBP,Teresa Collins,DE64MUZK28168505423573,HEECGBSG,Karen Arnold,DE60FSYG33346800722903,ITZJGBR1,Martin Green,157,West Anthonyton,DE,DIVD,Loss from everybody foot.,pain001_2.xml
MSG2-58448ee4,2025-10-10T17:36:40+00:00,108,497563.87,Teresa Collins,PMT-17c71d,TRF,2025-03-29,INSTR-44,E2E-f13cbc9f5b,22911.69,PLN,Teresa Collins,DE64MUZK28168505423573,HEECGBSG,Stephanie Trujillo,PT55PJIN66099353875842,VRFJGBG4,Guerrero Springs,143,Lake Anthony,PT,INTC,Scientist rise next tree.,pain001_2.xml
MSG2-58448ee4,2025-10-10T17:36:40+00:00,108,497563.87,Teresa Collins,PMT-17c71d,TRF,2025-03-29,INSTR-45,E2E-8061f1eaa5,833263.48,JPY,Teresa Collins,DE64MUZK28168505423573,HEECGBSG,Kevin Ford,BE79DVMQ46022356972521,PKUFGBUD,Thomas Way,54,South Pamelahaven,BE,TRAD,Later decide similar.,pain001_2.xml
MSG2-58448ee4,2025-10-10T17:36:40+00:00,108,497563.87,Teresa Collins,PMT-17c71d,TRF,2025-03-29,INSTR-46,E2E-46ef072b5b,2263.62,USD,Teresa Collins,DE64MUZK28168505423573,HEECGBSG,Janet Johnson,PT99GAVA33542168942104,JOXQGB7V,Jessica Bridge,95,Katherinehaven,PT,GOVT,Thousand yet garden top grow could.,pain001_2.xml
MSG2-58448ee4,2025-10-10T17:36:40+00:00,108,497563.87,Teresa Collins,PMT-17c71d,TRF,2025-03-29,INSTR-47,E2E-74fd4557df,4412.0,CHF,Teresa Collins,DE64MUZK28168505423573,HEECGBSG,Michael Conner,BE17UABW16761847230461,VQITGBI0,Mcdowell Glens,189,New Virginiaville,BE,SUPP,Memory pay executive size.,pain001_2.xml
MSG2-58448ee4,2025-10-10T17:36:40+00:00,108,497563.87,Teresa Collins,PMT-17c71d,TRF,2025-03-29,INSTR-48,E2E-2049d6feaf,1553770.65,JPY,Teresa Collins,DE64MUZK28168505423573,HEECGBSG,Jon Clark,PT50SVPE18114374470120,JLZVGBU1,Rivera Alley,64,Lake Christopherville,PT,SUPP,Believe serve animal system.,pain001_2.xml
MSG2-58448ee4,2025-10-10T17:36:40+00:00,108,497563.87,Teresa Collins,PMT-17c71d,TRF,2025-03-29,INSTR-49,E2E-7598209249,3673.82,USD,Teresa Collins,DE64MUZK28168505423573,HEECGBSG,Jacqueline Cooper,GB95ZNUZ21202169797296,YLTAGBI4,Richard Motorway,190,Maryfort,GB,DIVD,Product eat generation put his stuff.,pain001_2.xml
MSG2-58448ee4,2025-10-10T17:36:40+00:00,108,497563.87,Teresa Collins,PMT-17c71d,TRF,2025-03-29,INSTR-50,E2E-6894bcf87a,34984.76,PLN,Teresa Collins,DE64MUZK28168505423573,HEECGBSG,Paul Flores,ES30MHCO79717751701660,RRACGBT6,Cordova Causeway,192,New Dawn,ES,PENS,Game stop who.,pain001_2.xml
MSG2-58448ee4,2025-10-10T17:36:40+00:00,108,497563.87,Teresa Collins,PMT-17c71d,TRF,2025-03-29,INSTR-51,E2E-476a236a32,1477.59,EUR,Teresa Collins,DE64MUZK28168505423573,HEECGBSG,Natalie Ortiz,BE28ZGWK16091779827080,RNSPGB6L,Carr Field,115,Port Philipmouth,BE,DIVD,Report set no old wall report.,pain001_2.xml
MSG2-58448ee4,2025-10-10T17:36:40+00:00,108,497563.87,Teresa Collins,PMT-17c71d,TRF,2025-03-29,INSTR-52,E2E-be351f3b01,1219.1,USD,Teresa Collins,DE64MUZK28168505423573,HEECGBSG,Paul Martin,PL73YRBL71983863840666,ZVKRGBDA,Vega Drive,157,Lake Kristenborough,PL,TAXS,Data than team kitchen difficult.,pain001_2.xml
MSG2-58448ee4,2025-10-10T17:36:40+00:00,108,497563.87,Teresa Collins,PMT-17c71d,TRF,2025-03-29,INSTR-53,E2E-da8c556720,1612.01,CHF,Teresa Collins,DE64MUZK28168505423573,HEECGBSG,Michael Lopez,IT60RIEF94057202590947,ZSRLGBEU,Jill Crest,177,Williamsview,IT,SALA,Third professional former family wear.,pain001_2.xml
MSG2-58448ee4,2025-10-10T17:36:40+00:00,108,497563.87,Teresa Collins,PMT-17c71d,TRF,2025-03-29,INSTR-54,E2E-ba6d571be8,638358.93,JPY,Teresa Collins,DE64MUZK28168505423573,HEECGBSG,Lisa Haley,BE25AQYL88770435811288,AUCGGBN1,James Underpass,94,South Jonathanport,BE,PENS,Day stock these scientist.,pain001_2.xml
MSG2-58448ee4,2025-10-10T17:36:40+00:00,108,497563.87,Teresa Collins,PMT-17c71d,TRF,2025-03-29,INSTR-55,E2E-9cd4a0b877,3444.16,CHF,Teresa Collins,DE64MUZK28168505423573,HEECGBSG,Anthony Bauer,FR93UMNK06180919015814,ZVJTGBFS,Bailey Forks,199,Rickeymouth,FR,GOVT,High state air choose detail section.,pain001_2.xml
MSG2-58448ee4,2025-10-10T17:36:40+00:00,108,497563.87,Teresa Collins,PMT-17c71d,TRF,2025-03-29,INSTR-56,E2E-15d35dcc31,7414.96,GBP,Teresa Collins,DE64MUZK28168505423573,HEECGBSG,Alexandra Baxter,PT11JGXX53682223943129,BYROGB9E,David Avenue,15,Medinaland,PT,SUPP,Public economy culture oil week.,pain001_2.xml
MSG2-58448ee4,2025-10-10T17:36:40+00:00,108,497563.87,Teresa Collins,PMT-17c71d,TRF,2025-03-29,INSTR-57,E2E-49346c4bc6,10687.72,USD,Teresa Collins,DE64MUZK28168505423573,HEECGBSG,Luis Torres,FR99AKHZ36452577754781,FUTCGBRI,Ariana Lakes,137,Susanburgh,FR,GOVT,Hand development sign run.,pain001_2.xml
MSG2-58448ee4,2025-10-10T17:36:40+00:00,108,497563.87,Teresa Collins,PMT-17c71d,TRF,2025-03-29,INSTR-58,E2E-b5663c7b4f,31260.35,PLN,Teresa Collins,DE64MUZK28168505423573,HEECGBSG,Victor Holden,GB65SVEX75037314530385,MPOBGBCU,Katherine Dam,125,Mooreshire,GB,SUPP,Region miss stop strong.,pain001_2.xml
MSG2-58448ee4,2025-10-10T17:36:40+00:00,108,497563.87,Teresa Collins,PMT-17c71d,TRF,2025-03-29,INSTR-59,E2E-91b7d2958a,3303.79,USD,Teresa Collins,DE64MUZK28168505423573,HEECGBSG,Angela King,PT71TAQE72318432225913,NZKXGBH4,Zachary Knoll,51,Tommyfort,PT,DIVD,Picture always occur argue.,pain001_2.xml
MSG2-58448ee4,2025-10-10T17:36:40+00:00,108,497563.87,Teresa Collins,PMT-17c71d,TRF,2025-03-29,INSTR-60,E2E-5dd0e8881a,6557.93,GBP,Teresa Collins,DE64MUZK28168505423573,HEECGBSG,Monica Nicholson,FR87HNTE92984257991366,EDAGGB76,Jay Rest,185,Dillonburgh,FR,PENS,Local discussion teacher exist theory.,pain001_2.xml
MSG2-58448ee4,2025-10-10T17:36:40+00:00,108,497563.87,Teresa Collins,PMT-17c71d,TRF,2025-03-29,INSTR-61,E2E-61a6033c6e,6287.55,GBP,Teresa Collins,DE64MUZK28168505423573,HEECGBSG,Daniel Brock,BE35IRNS59463688725887,IJSLGBZI,Cox Drives,118,Pearsonview,BE,TAXS,Security land record class.,pain001_2.xml
MSG2-58448ee4,2025-10-10T17:36:40+00:00,108,497563.87,Teresa Collins,PMT-17c71d,TRF,2025-03-29,INSTR-62,E2E-fa5565eacc,1169.58,GBP,Teresa Collins,DE64MUZK28168505423573,HEECGBSG,James Fields,GB96HLCT06698490277038,JGBZGB67,Madeline Mountains,94,Davisview,GB,SALA,Past purpose growth pretty wish.,pain001_2.xml
MSG2-58448ee4,2025-10-10T17:36:40+00:00,108,497563.87,Teresa Collins,PMT-17c71d,TRF,2025-03-29,INSTR-63,E2E-cba906928a,579241.15,JPY,Teresa Collins,DE64MUZK28168505423573,HEECGBSG,Kelly Mclaughlin,FR75SLLI39376904268181,QJKDGB6Q,Samantha Plaza,91,Jessicaside,FR,SUPP,Quality discover firm western might.,pain001_2.xml
MSG2-58448ee4,2025-10-10T17:36:40+00:00,108,497563.87,Teresa Collins,PMT-17c71d,TRF,2025-03-29,INSTR-64,E2E-d8bd044222,68888.99,JPY,Teresa Collins,DE64MUZK28168505423573,HEECGBSG,Paul Peterson,FR82XVGP33343333952111,VVPTGBA8,Thomas Knoll,185,New Joseph,FR,DIVD,Summer he firm.,pain001_2.xml
MSG2-58448ee4,2025-10-10T17:36:40+00:00,108,497563.87,Teresa Collins,PMT-17c71d,TRF,2025-03-29,INSTR-65,E2E-11c47f0c7a,436.62,GBP,Teresa Collins,DE64MUZK28168505423573,HEECGBSG,Robert Mendoza,DE68WQOK00369155942843,IPTKGBXL,Wayne Lock,53,South Tiffany,DE,SALA,List act instead care.,pain001_2.xml
MSG2-58448ee4,2025-10-10T17:36:40+00:00,108,497563.87,Teresa Collins,PMT-17c71d,TRF,2025-03-29,INSTR-66,E2E-643bfd25d2,223958.25,JPY,Teresa Collins,DE64MUZK28168505423573,HEECGBSG,Robert Woods,PT41RZIL06159399824558,PYXOGBFY,Shannon Isle,59,Michaelside,PT,TAXS,Bad gas finish president.,pain001_2.xml
MSG2-58448ee4,2025-10-10T17:36:40+00:00,108,497563.87,Teresa Collins,PMT-17c71d,TRF,2025-03-29,INSTR-67,E2E-877a37eb20,3359.17,GBP,Teresa Collins,DE64MUZK28168505423573,HEECGBSG,Kelly Cole,DE18IXWX13261117800681,DITEGBFY,Ivan Brooks,77,Lake Jimmy,DE,INTC,Director scene kitchen call money.,pain001_2.xml
MSG2-58448ee4,2025-10-10T17:36:40+00:00,108,497563.87,Teresa Collins,PMT-17c71d,TRF,2025-03-29,INSTR-68,E2E-98e0824605,3432.37,EUR,Teresa Collins,DE64MUZK28168505423573,HEECGBSG,William Fernandez,IT82UXUS68845783174564,EJAAGB7I,Dunn Dale,56,New Carla,IT,INTC,House clear say hope her enjoy.,pain001_2.xml
MSG2-58448ee4,2025-10-10T17:36:40+00:00,108,497563.87,Teresa Collins,PMT-17c71d,TRF,2025-03-29,INSTR-69,E2E-4fa53d7fc8,10162.17,USD,Teresa Collins,DE64MUZK28168505423573,HEECGBSG,Kim Adams,PL61OTOI97350208021442,WOXAGBOF,Melissa Falls,65,West Daniel,PL,DIVD,Address describe inside size.,pain001_2.xml
MSG2-58448ee4,2025-10-10T17:36:40+00:00,108,497563.87,Teresa Collins,PMT-17c71d,TRF,2025-03-29,INSTR-70,E2E-67cce78921,305550.39,JPY,Teresa Collins,DE64MUZK28168505423573,HEECGBSG,Andrea Harrison,PT89YWHM73037183764520,XRQDGBQ4,Paula Glen,121,Claytonville,PT,DIVD,Cup thought tell design both.,pain001_2.xml
MSG2-58448ee4,2025-10-10T17:36:40+00:00,108,497563.87,Teresa Collins,PMT-17c71d,TRF,2025-03-29,INSTR-71,E2E-1289356242,346609.04,JPY,Teresa Collins,DE64MUZK28168505423573,HEECGBSG,Richard Alvarez,PT16VTKY00528127358573,AWMLGBIQ,Nathan Corners,86,East Vincent,PT,SUPP,Magazine join far.,pain001_2.xml
MSG2-58448ee4,2025-10-10T17:36:40+00:00,108,497563.87,Teresa Collins,PMT-17c71d,TRF,2025-03-29,INSTR-72,E2E-6957c56ecc,1100324.64,JPY,Teresa Collins,DE64MUZK28168505423573,HEECGBSG,Andrea Moore,BE86MXFA95935186387829,JKNUGBUH,Weiss Plains,79,Shawnhaven,BE,INTC,Model at strong candidate.,pain001_2.xml
MSG2-58448ee4,2025-10-10T17:36:40+00:00,108,497563.87,Teresa Collins,PMT-17c71d,TRF,2025-03-29,INSTR-73,E2E-ab379a14ce,1396.5,GBP,Teresa Collins,DE64MUZK28168505423573,HEECGBSG,Sara Barrett,GB12UPCO05865094801413,QDDXGBO8,Williams Forges,115,North Sarahborough,GB,GOVT,Coach Congress husband front.,pain001_2.xml
MSG2-58448ee4,2025-10-10T17:36:40+00:00,108,497563.87,Teresa Collins,PMT-17c71d,TRF,2025-03-29,INSTR-74,E2E-242bd56549,26680.75,PLN,Teresa Collins,DE64MUZK28168505423573,HEECGBSG,Yesenia Kirk,IT54RGMY84577600490824,AJHGGBUB,Duran Meadows,100,Charleneshire,IT,SUPP,Try memory number occur behind.,pain001_2.xml
MSG2-58448ee4,2025-10-10T17:36:40+00:00,108,497563.87,Teresa Collins,PMT-17c71d,TRF,2025-03-29,INSTR-75,E2E-d5bb0f06e8,10011.06,CAD,Teresa Collins,DE64MUZK28168505423573,HEECGBSG,Thomas Navarro,PL82DTUJ09610556613906,BJQBGBU8,Mcguire Extensions,135,Petersenshire,PL,SALA,Food under become public interest give.,pain001_2.xml
MSG2-58448ee4,2025-10-10T17:36:40+00:00,108,497563.87,Teresa Collins,PMT-17c71d,TRF,2025-03-29,INSTR-76,E2E-aeea5d3d44,4138.98,CHF,Teresa Collins,DE64MUZK28168505423573,HEECGBSG,Lisa Alexander,BE42CDXB39240514770538,GGRQGBQ9,James Landing,41,Port Jessica,BE,GOVT,Color exist smile peace apply.,pain001_2.xml
MSG2-58448ee4,2025-10-10T17:36:40+00:00,108,497563.87,Teresa Collins,PMT-17c71d,TRF,2025-03-29,INSTR-77,E2E-96ae187c36,29040.81,PLN,Teresa Collins,DE64MUZK28168505423573,HEECGBSG,Heather Rodriguez,PT31QWDK79812387800384,KPMXGBKB,Dillon Run,66,Hallfurt,PT,GOVT,Range green few you without every.,pain001_2.xml
MSG2-58448ee4,2025-10-10T17:36:40+00:00,108,497563.87,Teresa Collins,PMT-17c71d,TRF,2025-03-29,INSTR-78,E2E-f17b33d15b,83690.05,JPY,Teresa Collins,DE64MUZK28168505423573,HEECGBSG,Justin Ramirez,PL74QVTU36392649578232,SRVZGBMI,Matthew Lock,123,North Jessica,PL,PENS,Read together travel involve training.,pain001_2.xml
MSG2-58448ee4,2025-10-10T17:36:40+00:00,108,497563.87,Teresa Collins,PMT-17c71d,TRF,2025-03-29,INSTR-79,E2E-188f95c2d3,2173.13,USD,Teresa Collins,DE64MUZK28168505423573,HEECGBSG,Michelle White,NL73NJOX42312209949993,THHVGBBW,Jessica Track,77,Nicolechester,NL,PENS,Read live maybe painting.,pain001_2.xml
MSG2-58448ee4,2025-10-10T17:36:40+00:00,108,497563.87,Teresa Collins,PMT-17c71d,TRF,2025-03-29,INSTR-80,E2E-f5c2b36a37,1391.67,EUR,Teresa Collins,DE64MUZK28168505423573,HEECGBSG,Tammy Clements,NL82OTPW57366096569998,QUWZGBC7,Julia Flats,108,North Gregory,NL,PENS,Later still amount yet.,pain001_2.xml
MSG2-58448ee4,2025-10-10T17:36:40+00:00,108,497563.87,Teresa Collins,PMT-17c71d,TRF,2025-03-29,INSTR-81,E2E-fbdd865f08,21703.49,PLN,Teresa Collins,DE64MUZK28168505423573,HEECGBSG,Stephen Ayala,ES31WQEO71812982665702,OSWGGB3F,Murray Manors,56,Christieton,ES,TRAD,Food possible represent clearly run.,pain001_2.xml
MSG2-58448ee4,2025-10-10T17:36:40+00:00,108,497563.87,Teresa Collins,PMT-17c71d,TRF,2025-03-29,INSTR-82,E2E-ede6873dc0,8935.53,CAD,Teresa Collins,DE64MUZK28168505423573,HEECGBSG,Richard Hunt,DE78SVEF22064474212309,YIAOGB55,Nicholas Light,137,Port Georgemouth,DE,DIVD,Already take project study fear turn.,pain001_2.xml
MSG2-58448ee4,2025-10-10T17:36:40+00:00,108,497563.87,Teresa Collins,PMT-17c71d,TRF,2025-03-29,INSTR-83,E2E-19fd63565c,738074.02,JPY,Teresa Collins,DE64MUZK28168505423573,HEECGBSG,Matthew Graves,PT18YJKL61681472145868,GWGTGBDG,Tammy Summit,16,Sarahland,PT,SALA,Role pick would low read value worry.,pain001_2.xml
MSG2-58448ee4,2025-10-10T17:36:40+00:00,108,497563.87,Teresa Collins,PMT-17c71d,TRF,2025-03-29,INSTR-84,E2E-45d8de11e1,10538.99,PLN,Teresa Collins,DE64MUZK28168505423573,HEECGBSG,Lisa Crawford,BE43GADA71396605583034,IZCJGBT6,Vasquez Falls,14,Lake Kelly,BE,PENS,Create street two look.,pain001_2.xml
MSG2-58448ee4,2025-10-10T17:36:40+00:00,108,497563.87,Teresa Collins,PMT-17c71d,TRF,2025-03-29,INSTR-85,E2E-f125e6fa40,1362.39,GBP,Teresa Collins,DE64MUZK28168505423573,HEECGBSG,Jennifer Newton,NL55GSVK51240568299629,DZYJGBUC,Cunningham Springs,56,Angelatown,NL,SALA,Including market down later week.,pain001_2.xml
MSG2-58448ee4,2025-10-10T17:36:40+00:00,108,497563.87,Teresa Collins,PMT-17c71d,TRF,2025-03-29,INSTR-86,E2E-86ae66ca59,2617.36,CAD,Teresa Collins,DE64MUZK28168505423573,HEECGBSG,Jonathan Lloyd,ES14YDQV23076810409157,BDQYGBTB,James Orchard,120,Kimberlyberg,ES,SALA,Evening church boy when.,pain001_2.xml
MSG2-58448ee4,2025-10-10T17:36:40+00:00,108,497563.87,Teresa Collins,PMT-17c71d,TRF,2025-03-29,INSTR-87,E2E-a1e661ba09,10712.32,USD,Teresa Collins,DE64MUZK28168505423573,HEECGBSG,Benjamin Austin,DE20VBDM01662997954538,CYYOGBIF,Fernandez Causeway,149,North Thomas,DE,TRAD,Little goal leave color.,pain001_2.xml
MSG2-58448ee4,2025-10-10T17:36:40+00:00,108,497563.87,Teresa Collins,PMT-17c71d,TRF,2025-03-29,INSTR-88,E2E-ecc515ecf2,1478.4,GBP,Teresa Collins,DE64MUZK28168505423573,HEECGBSG,Rebecca Patel,PL99PMCK39669583219719,TOKRGBG2,Garza Garden,110,New Erik,PL,SALA,Final image our rate.,pain001_2.xml
MSG2-58448ee4,2025-10-10T17:36:40+00:00,108,497563.87,Teresa Collins,PMT-17c71d,TRF,2025-03-29,INSTR-89,E2E-fae9f4e673,34049.35,PLN,Teresa Collins,DE64MUZK28168505423573,HEECGBSG,April Thomas,GB13GGVK49465190986240,LRBAGB9W,Shawn Highway,165,Gilbertmouth,GB,TAXS,Technology tend dog reduce.,pain001_2.xml
MSG2-58448ee4,2025-10-10T17:36:40+00:00,108,497563.87,Teresa Collins,PMT-17c71d,TRF,2025-03-29,INSTR-90,E2E-d9e9d8c172,3259.4,CAD,Teresa Collins,DE64MUZK28168505423573,HEECGBSG,Justin Bridges,BE19EACU02762126796927,QNROGBYW,Larsen Drives,181,Whitneyberg,BE,GOVT,Control painting official suggest door.,pain001_2.xml
MSG2-58448ee4,2025-10-10T17:36:40+00:00,108,497563.87,Teresa Collins,PMT-17c71d,TRF,2025-03-29,INSTR-91,E2E-86cfc68be7,7180.56,GBP,Teresa Collins,DE64MUZK28168505423573,HEECGBSG,Tonya Miller,PT57VURZ94905807787956,LZJJGBKC,Marshall Common,77,East Thomasland,PT,PENS,Add born company option character.,pain001_2.xml
MSG2-58448ee4,2025-10-10T17:36:40+00:00,108,497563.87,Teresa Collins,PMT-17c71d,TRF,2025-03-29,INSTR-92,E2E-0ff4d9abdf,2823.25,EUR,Teresa Collins,DE64MUZK28168505423573,HEECGBSG,Dr. Linda Underwood,NL87XUFG95041027674783,MVWMGB4Q,Mullins Loop,14,Youngmouth,NL,TRAD,Most itself eye something.,pain001_2.xml
MSG2-58448ee4,2025-10-10T17:36:40+00:00,108,497563.87,Teresa Collins,PMT-17c71d,TRF,2025-03-29,INSTR-93,E2E-7b2ff2d8c5,7893.21,GBP,Teresa Collins,DE64MUZK28168505423573,HEECGBSG,Jessica Hull,IT71OYVX39385258001061,QDVOGBWO,Rogers Grove,23,West Destinyfurt,IT,SALA,Edge alone people arm order.,pain001_2.xml
MSG2-58448ee4,2025-10-10T17:36:40+00:00,108,497563.87,Teresa Collins,PMT-17c71d,TRF,2025-03-29,INSTR-94,E2E-90dc46a44b,5796.64,GBP,Teresa Collins,DE64MUZK28168505423573,HEECGBSG,Matthew Yoder,BE30VCUO46542140665044,FOCPGBMZ,Paula Square,181,West Kenneth,BE,PENS,Population board music issue.,pain001_2.xml
MSG2-58448ee4,2025-10-10T17:36:40+00:00,108,497563.87,Teresa Collins,PMT-17c71d,TRF,2025-03-29,INSTR-95,E2E-62edcc8b03,1574825.46,JPY,Teresa Collins,DE64MUZK28168505423573,HEECGBSG,Brittany Bowman,FR50MSAQ77661830671985,KVJMGBDF,Elizabeth Grove,9,Lake Mark,FR,TRAD,Never whose produce federal.,pain001_2.xml
MSG2-58448ee4,2025-10-10T17:36:40+00:00,108,497563.87,Teresa Collins,PMT-17c71d,TRF,2025-03-29,INSTR-96,E2E-a9a3555c11,1007015.58,JPY,Teresa Collins,DE64MUZK28168505423573,HEECGBSG,Corey Cortez,PT16ABKB50613878293102,PUAPGBCP,Tracy Circles,189,Victormouth,PT,GOVT,Add plan toward star.,pain001_2.xml
MSG2-58448ee4,2025-10-10T17:36:40+00:00,108,497563.87,Teresa Collins,PMT-17c71d,TRF,2025-03-29,INSTR-97,E2E-8cb6473973,7131.47,USD,Teresa Collins,DE64MUZK28168505423573,HEECGBSG,Jonathan Lloyd,PL73KDVS82530925114262,WLRFGB2P,Bryan Flats,36,Rogersfurt,PL,SUPP,Unit religious order exist.,pain001_2.xml
MSG2-58448ee4,2025-10-10T17:36:40+00:00,108,497563.87,Teresa Collins,PMT-17c71d,TRF,2025-03-29,INSTR-98,E2E-df383a7053,25210.85,PLN,Teresa Collins,DE64MUZK28168505423573,HEECGBSG,Christopher Porter,NL12RHGD81958837340312,VPPFGBKC,Courtney Tunnel,149,Michaeltown,NL,DIVD,Population expect itself.,pain001_2.xml
MSG2-58448ee4,2025-10-10T17:36:40+00:00,108,497563.87,Teresa Collins,PMT-17c71d,TRF,2025-03-29,INSTR-99,E2E-22c9ab07f1,3384.24,EUR,Teresa Collins,DE64MUZK28168505423573,HEECGBSG,Allen Robertson,ES48NGXV53153136363179,PBNEGBN3,Patty Stravenue,10,Watkinsmouth,ES,SUPP,Hold carry rest place.,pain001_2.xml
MSG2-58448ee4,2025-10-10T17:36:40+00:00,108,497563.87,Teresa Collins,PMT-17c71d,TRF,2025-03-29,INSTR-100,E2E-9ebeb6c60d,35869.61,PLN,Teresa Collins,DE64MUZK28168505423573,HEECGBSG,Judy Jackson,IT55TFSR31687397740633,KNSHGBJA,Robinson Hill,189,Port Laura,IT,TAXS,Wear car fast positive before look.,pain001_2.xml
MSG2-58448ee4,2025-10-10T17:36:40+00:00,108,497563.87,Teresa Collins,PMT-17c71d,TRF,2025-03-29,INSTR-101,E2E-f996310b01,992841.92,JPY,Teresa Collins,DE64MUZK28168505423573,HEECGBSG,Charles Warner,PT17UCMW58046498931950,QVLBGBHY,Kristy Land,181,Padillatown,PT,SUPP,Catch friend much power say.,pain001_2.xml
MSG2-58448ee4,2025-10-10T17:36:40+00:00,108,497563.87,Teresa Collins,PMT-17c71d,TRF,2025-03-29,INSTR-102,E2E-9c58f46d95,6790.44,EUR,Teresa Collins,DE64MUZK28168505423573,HEECGBSG,Jake Chavez,IT10ZVWZ13711624112412,PEGQGBBS,Theodore Place,130,Shannonstad,IT,INTC,Wide must car get kitchen popular.,pain001_2.xml
MSG2-58448ee4,2025-10-10T17:36:40+00:00,108,497563.87,Teresa Collins,PMT-17c71d,TRF,2025-03-29,INSTR-103,E2E-23179b5f4d,25964.28,PLN,Teresa Collins,DE64MUZK28168505423573,HEECGBSG,Kenneth Rios,BE71EZJF43754025472928,JFFWGBJK,Tucker Shores,175,Ellisshire,BE,TRAD,Bring year off kid hard.,pain001_2.xml
MSG2-58448ee4,2025-10-10T17:36:40+00:00,108,497563.87,Teresa Collins,PMT-17c71d,TRF,2025-03-29,INSTR-104,E2E-dc8adab63a,471.98,CAD,Teresa Collins,DE64MUZK28168505423573,HEECGBSG,Carla Turner,PL53EAXR85474929751702,VRDJGBBZ,Richard Parks,77,South Sarah,PL,SALA,Cultural base support quality whatever.,pain001_2.xml
MSG2-58448ee4,2025-10-10T17:36:40+00:00,108,497563.87,Teresa Collins,PMT-17c71d,TRF,2025-03-29,INSTR-105,E2E-31b10f0acd,1320.36,GBP,Teresa Collins,DE64MUZK28168505423573,HEECGBSG,Jessica Hughes,DE74CGXO67426629912347,QKCSGBYF,Justin Keys,130,Tiffanyside,DE,PENS,Important trial increase.,pain001_2.xml
MSG2-58448ee4,2025-10-10T17:36:40+00:00,108,497563.87,Teresa Collins,PMT-17c71d,TRF,2025-03-29,INSTR-106,E2E-7a2aa78162,512.82,EUR,Teresa Collins,DE64MUZK28168505423573,HEECGBSG,Elizabeth Richards,DE37EIJU71462730147195,SPSNGBQ4,Hansen Mountain,12,North Kylie,DE,DIVD,Health run adult employee.,pain001_2.xml
MSG2-58448ee4,2025-10-10T17:36:40+00:00,108,497563.87,Teresa Collins,PMT-17c71d,TRF,2025-03-29,INSTR-107,E2E-6b14b516d7,8139.31,USD,Teresa Collins,DE64MUZK28168505423573,HEECGBSG,Dylan Moreno,BE70YFRK54451895202845,YPNKGBKG,Willie Trafficway,32,Port Cody,BE,INTC,Choice determine could today party.,pain001_2.xml
MSG2-58448ee4,2025-10-10T17:36:40+00:00,108,497563.87,Teresa Collins,PMT-17c71d,TRF,2025-03-29,INSTR-108,E2E-cd7d057114,6881.47,GBP,Teresa Collins,DE64MUZK28168505423573,HEECGBSG,Alan Bailey,BE64AXDH22342321611076,BGDBGB6D,Taylor Mills,34,Geraldport,BE,TAXS,Onto customer provide ahead certainly.,pain001_2.xml
MSG3-2885d723,2025-10-10T17:36:40+00:00,51,239829.93,Kelly Garcia,PMT-463efb,TRF,2025-09-17,INSTR-1,E2E-1f7ff8df97,2164.6,USD,Kelly Garcia,DE93SYAQ33428013875927,VDFLGBY1,Darren Rodriguez,FR25WJRX01571647947386,JNGCGB4X,Martinez Creek,31,South Kathryn,FR,INTC,Actually purpose public how.,pain001_3.xml
MSG3-2885d723,2025-10-10T17:36:40+00:00,51,239829.93,Kelly Garcia,PMT-463efb,TRF,2025-09-17,INSTR-2,E2E-81095a45ca,5510.85,GBP,Kelly Garcia,DE93SYAQ33428013875927,VDFLGBY1,Amy Hester,FR64XPIY99465796784271,DIPPGBOI,Gonzalez Vista,162,Martinezchester,FR,SALA,Between apply attention.,pain001_3.xml
MSG3-2885d723,2025-10-10T17:36:40+00:00,51,239829.93,Kelly Garcia,PMT-463efb,TRF,2025-09-17,INSTR-3,E2E-62d183c531,4200.9,CHF,Kelly Garcia,DE93SYAQ33428013875927,VDFLGBY1,Marco Davis,PL16JVPP84858800616756,OOBBGBL9,Donna Pike,123,Sparksborough,PL,SALA,Those clearly issue fine home.,pain001_3.xml
MSG3-2885d723,2025-10-10T17:36:40+00:00,51,239829.93,Kelly Garcia,PMT-463efb,TRF,2025-09-17,INSTR-4,E2E-215ae42dad,3651.42,GBP,Kelly Garcia,DE93SYAQ33428013875927,VDFLGBY1,Justin Moore,IT93YJKB09025590561655,NLBVGBPP,Peter Park,188,Jensenstad,IT,PENS,Possible or travel assume figure.,pain001_3.xml
MSG3-2885d723,2025-10-10T17:36:40+00:00,51,239829.93,Kelly Garcia,PMT-463efb,TRF,2025-09-17,INSTR-5,E2E-90cebcea14,5384.24,CHF,Kelly Garcia,DE93SYAQ33428013875927,VDFLGBY1,Alex Harrison,FR92ZPDW35785294563718,GJIBGBTZ,Valerie Lane,3,Morrisville,FR,SALA,Person when response official option.,pain001_3.xml
MSG3-2885d723,2025-10-10T17:36:40+00:00,51,239829.93,Kelly Garcia,PMT-463efb,TRF,2025-09-17,INSTR-6,E2E-7757bbbb4b,4320.04,CAD,Kelly Garcia,DE93SYAQ33428013875927,VDFLGBY1,Elizabeth Brock,ES31TQOV82082973748969,XUBQGBMX,Alvarado Island,158,South Richard,ES,TAXS,Plant suffer environment expert.,pain001_3.xml
MSG3-2885d723,2025-10-10T17:36:40+00:00,51,239829.93,Kelly Garcia,PMT-463efb,TRF,2025-09-17,INSTR-7,E2E-ac4835a2b3,5565.94,EUR,Kelly Garcia,DE93SYAQ33428013875927,VDFLGBY1,David Wilcox,PT71GFIE04482070015941,NLVVGBFZ,Washington Mews,134,Lucaston,PT,SALA,Door number matter building.,pain001_3.xml
MSG3-2885d723,2025-10-10T17:36:40+00:00,51,239829.93,Kelly Garcia,PMT-463efb,TRF,2025-09-17,INSTR-8,E2E-3df92bad63,1050.74,CHF,Kelly Garcia,DE93SYAQ33428013875927,VDFLGBY1,Jean Goodman,PT88IONI90785158673425,PWLJGBBC,Selena Forge,193,North Gregory,PT,DIVD,Real small dream.,pain001_3.xml
MSG3-2885d723,2025-10-10T17:36:40+00:00,51,239829.93,Kelly Garcia,PMT-463efb,TRF,2025-09-17,INSTR-9,E2E-d6e7d80d69,548488.17,JPY,Kelly Garcia,DE93SYAQ33428013875927,VDFLGBY1,Adam Yu,FR98FOUK60417765612481,LNTXGB9U,Turner View,198,West Jason,FR,GOVT,Pick finish bank citizen might.,pain001_3.xml
MSG3-2885d723,2025-10-10T17:36:40+00:00,51,239829.93,Kelly Garcia,PMT-463efb,TRF,2025-09-17,INSTR-10,E2E-4e76b5311d,9208.36,CAD,Kelly Garcia,DE93SYAQ33428013875927,VDFLGBY1,Nicholas Green,BE53MSHA08931734206969,IECLGBKH,Marsh Flat,98,South Michaelfurt,BE,DIVD,Responsibility itself turn.,pain001_3.xml
MSG3-2885d723,2025-10-10T17:36:40+00:00,51,239829.93,Kelly Garcia,PMT-463efb,TRF,2025-09-17,INSTR-11,E2E-54462c53f2,3842.47,USD,Kelly Garcia,DE93SYAQ33428013875927,VDFLGBY1,Janet Reynolds,GB16NFNZ20443973597107,EKWMGBNY,Carol View,2,Jessicaborough,GB,GOVT,Save eight believe arrive four dog.,pain001_3.xml
MSG3-2885d723,2025-10-10T17:36:40+00:00,51,239829.93,Kelly Garcia,PMT-463efb,TRF,2025-09-17,INSTR-12,E2E-886bd07b1b,2197.47,CAD,Kelly Garcia,DE93SYAQ33428013875927,VDFLGBY1,Manuel Turner,PL51QPKO21586241502745,NJITGBQ7,Lambert Curve,36,New Harryburgh,PL,DIVD,Job close say man wear new.,pain001_3.xml
MSG3-2885d723,2025-10-10T17:36:40+00:00,51,239829.93,Kelly Garcia,PMT-463efb,TRF,2025-09-17,INSTR-13,E2E-28f7a537b4,5287.76,USD,Kelly Garcia,DE93SYAQ33428013875927,VDFLGBY1,Zachary Ho,FR32XEDL13422849939089,FNCHGB5G,Scott Station,113,Ellisville,FR,DIVD,Ago race quite hour opportunity week.,pain001_3.xml
MSG3-2885d723,2025-10-10T17:36:40+00:00,51,239829.93,Kelly Garcia,PMT-463efb,TRF,2025-09-17,INSTR-14,E2E-1914077ea1,40686.19,PLN,Kelly Garcia,DE93SYAQ33428013875927,VDFLGBY1,Abigail Booker,IT68ZUJK01896164236103,FMYMGBSJ,Nguyen Street,137,East Michelle,IT,INTC,Fear song save TV.,pain001_3.xml
MSG3-2885d723,2025-10-10T17:36:40+00:00,51,239829.93,Kelly Garcia,PMT-463efb,TRF,2025-09-17,INSTR-15,E2E-1bd2b6be1f,3606.8,GBP,Kelly Garcia,DE93SYAQ33428013875927,VDFLGBY1,Peter Shepherd,PT56VHUV27881476174224,HQNJGBD9,Ryan Meadow,113,North Williammouth,PT,TAXS,True message member including.,pain001_3.xml
MSG3-2885d723,2025-10-10T17:36:40+00:00,51,239829.93,Kelly Garcia,PMT-463efb,TRF,2025-09-17,INSTR-16,E2E-445aafdbcc,200.74,EUR,Kelly Garcia,DE93SYAQ33428013875927,VDFLGBY1,Cassie White,FR50YVOT45232194168006,DAFUGB43,Williams Mall,162,Leemouth,FR,SUPP,Than whole own main peace wind.,pain001_3.xml
MSG3-2885d723,2025-10-10T17:36:40+00:00,51,239829.93,Kelly Garcia,PMT-463efb,TRF,2025-09-17,INSTR-17,E2E-8b4bac5adc,1004623.81,JPY,Kelly Garcia,DE93SYAQ33428013875927,VDFLGBY1,Robert Horton,FR56NUZR31472760122777,AOSHGBMS,Michele Fords,144,Wongbury,FR,SUPP,Stop hot free bill summer it indeed.,pain001_3.xml
MSG3-2885d723,2025-10-10T17:36:40+00:00,51,239829.93,Kelly Garcia,PMT-463efb,TRF,2025-09-17,INSTR-18,E2E-cb86c96466,3857.25,CHF,Kelly Garcia,DE93SYAQ33428013875927,VDFLGBY1,Meghan Velasquez,ES26CIUN71795760243757,HQHSGBV3,Hall Circle,37,South Barbaraside,ES,SALA,Third rich hospital indicate.,pain001_3.xml
MSG3-2885d723,2025-10-10T17:36:40+00:00,51,239829.93,Kelly Garcia,PMT-463efb,TRF,2025-09-17,INSTR-19,E2E-c22d743778,7213.09,USD,Kelly Garcia,DE93SYAQ33428013875927,VDFLGBY1,Betty Gonzalez,NL27RBAL45228015619318,HPIKGBWC,Garcia Mall,52,Torresborough,NL,SALA,Statement among black picture.,pain001_3.xml
MSG3-2885d723,2025-10-10T17:36:40+00:00,51,239829.93,Kelly Garcia,PMT-463efb,TRF,2025-09-17,INSTR-20,E2E-29ccff4c41,3012.94,CAD,Kelly Garcia,DE93SYAQ33428013875927,VDFLGBY1,Annette Holland,PL10YYAH75482145653286,ZHEZGB10,Fuentes Crossing,147,South Tara,PL,TRAD,Together weight might radio want kind.,pain001_3.xml
MSG3-2885d723,2025-10-10T17:36:40+00:00,51,239829.93,Kelly Garcia,PMT-463efb,TRF,2025-09-17,INSTR-21,E2E-c40ff0fb90,9247.81,USD,Kelly Garcia,DE93SYAQ33428013875927,VDFLGBY1,James Barton,PL68SBUW84668455048926,OUGRGB2W,Brown Trace,32,Lake Sandraberg,PL,SUPP,Simple thing base Mr hope rest.,pain001_3.xml
MSG3-2885d723,2025-10-10T17:36:40+00:00,51,239829.93,Kelly Garcia,PMT-463efb,TRF,2025-09-17,INSTR-22,E2E-f9078ff9f3,5545.45,EUR,Kelly Garcia,DE93SYAQ33428013875927,VDFLGBY1,Glen Reid,PL53XNQD05485101749075,HZXSGB8O,Anthony Underpass,65,Johnport,PL,PENS,Federal project spring of cause help.,pain001_3.xml
MSG3-2885d723,2025-10-10T17:36:40+00:00,51,239829.93,Kelly Garcia,PMT-463efb,TRF,2025-09-17,INSTR-23,E2E-e59559c641,44.76,CHF,Kelly Garcia,DE93SYAQ33428013875927,VDFLGBY1,Jeffery Jenkins,PT84LVQM98864976776228,EPWOGBI6,Bryan Curve,62,Lewisland,PT,TRAD,Magazine social central operation any.,pain001_3.xml
MSG3-2885d723,2025-10-10T17:36:40+00:00,51,239829.93,Kelly Garcia,PMT-463efb,TRF,2025-09-17,INSTR-24,E2E-26f8893bff,10313.24,CAD,Kelly Garcia,DE93SYAQ33428013875927,VDFLGBY1,Seth Butler,BE84YEQU77725199663658,BVOXGBRF,Knight Junction,175,Alvarezberg,BE,GOVT,Religious occur someone religious.,pain001_3.xml
MSG3-2885d723,2025-10-10T17:36:40+00:00,51,239829.93,Kelly Garcia,PMT-463efb,TRF,2025-09-17,INSTR-25,E2E-dde534236e,28851.63,PLN,Kelly Garcia,DE93SYAQ33428013875927,VDFLGBY1,Nicole Shaw,ES99GHWS71895690705626,AQKMGBQF,David Place,196,North Joshua,ES,DIVD,Woman my experience consumer.,pain001_3.xml
MSG3-2885d723,2025-10-10T17:36:40+00:00,51,239829.93,Kelly Garcia,PMT-463efb,TRF,2025-09-17,INSTR-26,E2E-b81d34e32d,5598.74,GBP,Kelly Garcia,DE93SYAQ33428013875927,VDFLGBY1,Catherine Reeves,FR13IMDB33993788614057,RNCPGBB0,Price Island,183,South Patricia,FR,PENS,Trial affect never only big.,pain001_3.xml
MSG3-2885d723,2025-10-10T17:36:40+00:00,51,239829.93,Kelly Garcia,PMT-463efb,TRF,2025-09-17,INSTR-27,E2E-5eae54d58f,1807.96,CHF,Kelly Garcia,DE93SYAQ33428013875927,VDFLGBY1,Joshua Jackson,NL75TJUF00749465398402,XRSCGBTF,Amanda Manors,72,Williamsmouth,NL,INTC,Position ability live top.,pain001_3.xml
MSG3-2885d723,2025-10-10T17:36:40+00:00,51,239829.93,Kelly Garcia,PMT-463efb,TRF,2025-09-17,INSTR-28,E2E-fe5598aeaa,8206.46,EUR,Kelly Garcia,DE93SYAQ33428013875927,VDFLGBY1,Rachel Banks,DE97MTLM20175370304531,TUJZGBOO,Amanda Village,40,Chambersstad,DE,SUPP,Court question yeah realize mouth.,pain001_3.xml
MSG3-2885d723,2025-10-10T17:36:40+00:00,51,239829.93,Kelly Garcia,PMT-463efb,TRF,2025-09-17,INSTR-29,E2E-478fba4682,4401.17,EUR,Kelly Garcia,DE93SYAQ33428013875927,VDFLGBY1,Sarah Morris,ES14YBXH04687506351903,WNCHGBMK,Hill Springs,131,Simpsonhaven,ES,DIVD,Want simply people shake personal.,pain001_3.xml
MSG3-2885d723,2025-10-10T17:36:40+00:00,51,239829.93,Kelly Garcia,PMT-463efb,TRF,2025-09-17,INSTR-30,E2E-b0ceac9392,9947.89,USD,Kelly Garcia,DE93SYAQ33428013875927,VDFLGBY1,Amy Bishop,FR58MDTY63990767699150,OQKSGBMG,Jones Springs,58,New Brettfurt,FR,SALA,Activity require or subject.,pain001_3.xml
MSG3-2885d723,2025-10-10T17:36:40+00:00,51,239829.93,Kelly Garcia,PMT-463efb,TRF,2025-09-17,INSTR-31,E2E-8ed7fb880d,3336.32,GBP,Kelly Garcia,DE93SYAQ33428013875927,VDFLGBY1,Cameron Silva,IT30TKJL08920388065333,ZCKGGB43,Collins Plains,174,East Terrance,IT,SUPP,Many turn police.,pain001_3.xml
MSG3-2885d723,2025-10-10T17:36:40+00:00,51,239829.93,Kelly Garcia,PMT-463efb,TRF,2025-09-17,INSTR-32,E2E-da6b261201,1386.09,PLN,Kelly Garcia,DE93SYAQ33428013875927,VDFLGBY1,Jamie Ross,DE89EJOG95003342342583,FGAFGBQG,Michael Cliffs,90,Anthonyville,DE,SALA,Story case pressure.,pain001_3.xml
MSG3-2885d723,2025-10-10T17:36:40+00:00,51,239829.93,Kelly Garcia,PMT-463efb,TRF,2025-09-17,INSTR-33,E2E-0bc321dbfa,8143.6,CHF,Kelly Garcia,DE93SYAQ33428013875927,VDFLGBY1,Christopher Rose,GB86ZGGR65596309938425,HBUZGBRI,Johns Circles,183,East Nicoleberg,GB,SALA,Debate thus later.,pain001_3.xml
MSG3-2885d723,2025-10-10T17:36:40+00:00,51,239829.93,Kelly Garcia,PMT-463efb,TRF,2025-09-17,INSTR-34,E2E-b2b7750fbf,1549653.11,JPY,Kelly Garcia,DE93SYAQ33428013875927,VDFLGBY1,Joshua Taylor,PT93OQTK67766575460273,IUCLGBFS,Kenneth Path,140,Jerryton,PT,TAXS,Free push economic seat shoulder.,pain001_3.xml
MSG3-2885d723,2025-10-10T17:36:40+00:00,51,239829.93,Kelly Garcia,PMT-463efb,TRF,2025-09-17,INSTR-35,E2E-4d1e44cf2a,2006.35,USD,Kelly Garcia,DE93SYAQ33428013875927,VDFLGBY1,Debbie Carrillo,PL76YUAP82633373898775,ZCKGGB10,Short Tunnel,16,Bautistashire,PL,GOVT,Just table air catch them.,pain001_3.xml
MSG3-2885d723,2025-10-10T17:36:40+00:00,51,239829.93,Kelly Garcia,PMT-463efb,TRF,2025-09-17,INSTR-36,E2E-48e0ef4239,8754.16,CAD,Kelly Garcia,DE93SYAQ33428013875927,VDFLGBY1,Michael Powell,ES90SUZT99663618637159,OUJCGBKG,Nguyen Brooks,191,East Ericmouth,ES,GOVT,Do process attorney arm million.,pain001_3.xml
MSG3-2885d723,2025-10-10T17:36:40+00:00,51,239829.93,Kelly Garcia,PMT-463efb,TRF,2025-09-17,INSTR-37,E2E-84d3799b5c,255.73,GBP,Kelly Garcia,DE93SYAQ33428013875927,VDFLGBY1,Jason Paul,PL70JNWV72994938743027,CMTZGBP7,Friedman Way,82,East Monica,PL,INTC,Travel these least office say explain.,pain001_3.xml
MSG3-2885d723,2025-10-10T17:36:40+00:00,51,239829.93,Kelly Garcia,PMT-463efb,TRF,2025-09-17,INSTR-38,E2E-8f41c753bd,25969.49,PLN,Kelly Garcia,DE93SYAQ33428013875927,VDFLGBY1,Luke Reynolds,PL94HFIU84137681511856,OFIGGB6C,Bartlett Falls,135,South Hollyton,PL,TAXS,Ago police put left gas human create.,pain001_3.xml
MSG3-2885d723,2025-10-10T17:36:40+00:00,51,239829.93,Kelly Garcia,PMT-463efb,TRF,2025-09-17,INSTR-39,E2E-c12387a707,426.51,EUR,Kelly Garcia,DE93SYAQ33428013875927,VDFLGBY1,Paul Washington,PL24EPIF20912418621042,OLFGGBC8,Christopher Shoals,140,Lake Stephanie,PL,GOVT,Kind answer play mission production.,pain001_3.xml
MSG3-2885d723,2025-10-10T17:36:40+00:00,51,239829.93,Kelly Garcia,PMT-463efb,TRF,2025-09-17,INSTR-40,E2E-1fd5348e13,8241.4,EUR,Kelly Garcia,DE93SYAQ33428013875927,VDFLGBY1,Pamela Mcfarland,FR96KGVV13122068155839,GRMNGBHO,Kerr Flats,55,North Roberttown,FR,INTC,Black follow address pressure activity.,pain001_3.xml
MSG3-2885d723,2025-10-10T17:36:40+00:00,51,239829.93,Kelly Garcia,PMT-463efb,TRF,2025-09-17,INSTR-41,E2E-2541fe11c6,5972.66,USD,Kelly Garcia,DE93SYAQ33428013875927,VDFLGBY1,Daniel Turner,ES65TKUW62525715099768,UXHQGBAO,Bird Cove,14,West Susan,ES,GOVT,Pattern to final.,pain001_3.xml
MSG3-2885d723,2025-10-10T17:36:40+00:00,51,239829.93,Kelly Garcia,PMT-463efb,TRF,2025-09-17,INSTR-42,E2E-76f071cb58,414925.15,JPY,Kelly Garcia,DE93SYAQ33428013875927,VDFLGBY1,Andrew Mclean,PT96ZYBQ64035533803396,QKFOGBAE,Stevenson Isle,61,West Lonnie,PT,SALA,Door back right find return.,pain001_3.xml
MSG3-2885d723,2025-10-10T17:36:40+00:00,51,239829.93,Kelly Garcia,PMT-463efb,TRF,2025-09-17,INSTR-43,E2E-98a15574a0,8324.26,CHF,Kelly Garcia,DE93SYAQ33428013875927,VDFLGBY1,Scott Olson,PL88TXNY27066149828246,OJOJGBY9,Sanders Expressway,18,Alexanderhaven,PL,PENS,Meeting major read recent prepare unit.,pain001_3.xml
MSG3-2885d723,2025-10-10T17:36:40+00:00,51,239829.93,Kelly Garcia,PMT-463efb,TRF,2025-09-17,INSTR-44,E2E-c1b1f7b655,8433.51,USD,Kelly Garcia,DE93SYAQ33428013875927,VDFLGBY1,Maria Green,DE17VFAD16691836264488,VMSJGB0F,Blackburn Drive,189,Johnshire,DE,SALA,Player since general central.,pain001_3.xml
MSG3-2885d723,2025-10-10T17:36:40+00:00,51,239829.93,Kelly Garcia,PMT-463efb,TRF,2025-09-17,INSTR-45,E2E-0b86590738,15700.24,PLN,Kelly Garcia,DE93SYAQ33428013875927,VDFLGBY1,Benjamin Horton,PL80FWEG72817932302346,OUTDGBKF,Pena Street,82,Jacksonstad,PL,INTC,Beat by ask ahead doctor.,pain001_3.xml
MSG3-2885d723,2025-10-10T17:36:40+00:00,51,239829.93,Kelly Garcia,PMT-463efb,TRF,2025-09-17,INSTR-46,E2E-d894b7b194,104.05,GBP,Kelly Garcia,DE93SYAQ33428013875927,VDFLGBY1,Joseph Smith,FR36LVKK35669055107620,TDQIGBPX,Frederick Mountains,47,Cassandramouth,FR,SALA,Admit growth animal space for know.,pain001_3.xml
MSG3-2885d723,2025-10-10T17:36:40+00:00,51,239829.93,Kelly Garcia,PMT-463efb,TRF,2025-09-17,INSTR-47,E2E-40f604467e,7039.15,EUR,Kelly Garcia,DE93SYAQ33428013875927,VDFLGBY1,Ashlee Cruz,ES22JVRO27178333211602,KMYIGBOQ,Jennifer Ways,15,East Tylerland,ES,PENS,The use short over popular help.,pain001_3.xml
MSG3-2885d723,2025-10-10T17:36:40+00:00,51,239829.93,Kelly Garcia,PMT-463efb,TRF,2025-09-17,INSTR-48,E2E-29e7436da3,45373.85,PLN,Kelly Garcia,DE93SYAQ33428013875927,VDFLGBY1,Brian Peterson,IT65MSXA40983665528993,DMARGB3U,Julie Crescent,180,Davidmouth,IT,SALA,Staff father despite quite.,pain001_3.xml
MSG3-2885d723,2025-10-10T17:36:40+00:00,51,239829.93,Kelly Garcia,PMT-463efb,TRF,2025-09-17,INSTR-49,E2E-1ec5e41c4a,273.41,EUR,Kelly Garcia,DE93SYAQ33428013875927,VDFLGBY1,Linda Parker,IT62PJWM05233027642086,KNVPGBWZ,Joshua Vista,82,Welchborough,IT,PENS,Author risk executive type red nature.,pain001_3.xml
MSG3-2885d723,2025-10-10T17:36:40+00:00,51,239829.93,Kelly Garcia,PMT-463efb,TRF,2025-09-17,INSTR-50,E2E-aba57ef9e0,5742.57,USD,Kelly Garcia,DE93SYAQ33428013875927,VDFLGBY1,Michelle Ellis,NL60GGZX30591266201572,BDQUGBV1,Barbara Mills,165,Carterberg,NL,DIVD,Phone identify alone drive.,pain001_3.xml
MSG3-2885d723,2025-10-10T17:36:40+00:00,51,239829.93,Kelly Garcia,PMT-463efb,TRF,2025-09-17,INSTR-51,E2E-300941ba3a,2521.49,USD,Kelly Garcia,DE93SYAQ33428013875927,VDFLGBY1,John Meyers,DE97DCDP83099974192676,JSEDGBUE,Hill Shoal,64,Richardsonville,DE,GOVT,Congress out conference never.,pain001_3.xml
MSG4-372fa632,2025-10-10T17:36:40+00:00,79,395764.95,William Hunter,PMT-0bcf08,TRF,2025-06-16,INSTR-1,E2E-fac838f4f5,970816.47,JPY,William Hunter,DE29LRFN03408487297585,TRQGGBGC,Cole Evans,NL58EXTN18446267146283,CUXIGBMX,Susan Rapids,112,New Michael,NL,INTC,Who easy establish.,pain001_4.xml
MSG4-372fa632,2025-10-10T17:36:40+00:00,79,395764.95,William Hunter,PMT-0bcf08,TRF,2025-06-16,INSTR-2,E2E-6e8085e457,8340.08,USD,William Hunter,DE29LRFN03408487297585,TRQGGBGC,Courtney Smith,PL31FQXJ97185948491025,YMFLGB89,Petty Forges,107,Lynnville,PL,SALA,Figure teach water image fine.,pain001_4.xml
MSG4-372fa632,2025-10-10T17:36:40+00:00,79,395764.95,William Hunter,PMT-0bcf08,TRF,2025-06-16,INSTR-3,E2E-2618a53c91,708878.19,JPY,William Hunter,DE29LRFN03408487297585,TRQGGBGC,Angela Mitchell,NL52PPQV81609306853890,TOFVGB7O,Stokes Branch,86,Rhodesberg,NL,INTC,Avoid style message weight.,pain001_4.xml
MSG4-372fa632,2025-10-10T17:36:40+00:00,79,395764.95,William Hunter,PMT-0bcf08,TRF,2025-06-16,INSTR-4,E2E-7ff2222244,1637.11,PLN,William Hunter,DE29LRFN03408487297585,TRQGGBGC,Shannon Roberts,BE82GJUQ07970509754510,LXFMGBWA,Carter Forest,166,Lake Crystalfurt,BE,SALA,Issue culture more together.,pain001_4.xml
MSG4-372fa632,2025-10-10T17:36:40+00:00,79,395764.95,William Hunter,PMT-0bcf08,TRF,2025-06-16,INSTR-5,E2E-b86c78c55a,44747.55,PLN,William Hunter,DE29LRFN03408487297585,TRQGGBGC,Jeffrey White,NL54XNAL31340266502374,DNPRGB5I,Rodriguez Mill,100,Martinstad,NL,SALA,Seem sister hundred rise score stay.,pain001_4.xml
MSG4-372fa632,2025-10-10T17:36:40+00:00,79,395764.95,William Hunter,PMT-0bcf08,TRF,2025-06-16,INSTR-6,E2E-2cd36c1549,251371.61,JPY,William Hunter,DE29LRFN03408487297585,TRQGGBGC,Pamela Young,BE59PCYN39282341436371,WXQTGBLM,Jordan Ranch,96,South Timothyport,BE,GOVT,Before anything imagine fill plan.,pain001_4.xml
MSG4-372fa632,2025-10-10T17:36:40+00:00,79,395764.95,William Hunter,PMT-0bcf08,TRF,2025-06-16,INSTR-7,E2E-4779e52c36,2470.61,GBP,William Hunter,DE29LRFN03408487297585,TRQGGBGC,Jack Hahn,IT47VXKG47491624755411,VAVRGBIV,Wright Causeway,61,North Aaron,IT,SUPP,Once beautiful blood picture own.,pain001_4.xml
MSG4-372fa632,2025-10-10T17:36:40+00:00,79,395764.95,William Hunter,PMT-0bcf08,TRF,2025-06-16,INSTR-8,E2E-bea5a38ae5,116680.03,JPY,William Hunter,DE29LRFN03408487297585,TRQGGBGC,Michael Schaefer,PL17YGRX20236848557161,PNQQGBBK,Shelly River,50,Kevinfort,PL,GOVT,Range that will close seek his single.,pain001_4.xml
MSG4-372fa632,2025-10-10T17:36:40+00:00,79,395764.95,William Hunter,PMT-0bcf08,TRF,2025-06-16,INSTR-9,E2E-e3d5323c72,10468.1,CAD,William Hunter,DE29LRFN03408487297585,TRQGGBGC,Kayla Gordon,IT11DFHB83402424033810,ULUTGBXU,Turner Forges,87,Jeanetteside,IT,INTC,Watch this enough card.,pain001_4.xml
MSG4-372fa632,2025-10-10T17:36:40+00:00,79,395764.95,William Hunter,PMT-0bcf08,TRF,2025-06-16,INSTR-10,E2E-029e79b2b2,1014589.88,JPY,William Hunter,DE29LRFN03408487297585,TRQGGBGC,Matthew Parrish,PT12UUTR37354396273652,PCPFGB3L,Jennifer Spurs,60,Bautistaview,PT,SUPP,Country make role positive.,pain001_4.xml
MSG4-372fa632,2025-10-10T17:36:40+00:00,79,395764.95,William Hunter,PMT-0bcf08,TRF,2025-06-16,INSTR-11,E2E-e981e3646a,1799.33,CHF,William Hunter,DE29LRFN03408487297585,TRQGGBGC,Chelsea Thomas,FR80EXYZ09166010023142,UTAZGBAG,Sanchez Rue,146,Garciahaven,FR,SUPP,Film look during myself.,pain001_4.xml
MSG4-372fa632,2025-10-10T17:36:40+00:00,79,395764.95,William Hunter,PMT-0bcf08,TRF,2025-06-16,INSTR-12,E2E-0e8467644b,4084.7,USD,William Hunter,DE29LRFN03408487297585,TRQGGBGC,Sara Thomas,BE70HVMV17213145195151,BTEFGB17,Andrew Meadow,71,Hernandezport,BE,TAXS,Then even material hard enter trade.,pain001_4.xml
MSG4-372fa632,2025-10-10T17:36:40+00:00,79,395764.95,William Hunter,PMT-0bcf08,TRF,2025-06-16,INSTR-13,E2E-f9ad002227,3817.27,USD,William Hunter,DE29LRFN03408487297585,TRQGGBGC,Charles Griffin,DE79ECKE26557676952366,RPRRGB58,Briggs Creek,21,Moyerview,DE,PENS,Dog able yes admit.,pain001_4.xml
MSG4-372fa632,2025-10-10T17:36:40+00:00,79,395764.95,William Hunter,PMT-0bcf08,TRF,2025-06-16,INSTR-14,E2E-19ef234596,7301.39,USD,William Hunter,DE29LRFN03408487297585,TRQGGBGC,Joe Conley,PL40DWWE60650191792025,ECHCGBA0,Sanchez Views,169,North Julie,PL,INTC,She like cell month.,pain001_4.xml
MSG4-372fa632,2025-10-10T17:36:40+00:00,79,395764.95,William Hunter,PMT-0bcf08,TRF,2025-06-16,INSTR-15,E2E-439a7370d8,1836.92,CHF,William Hunter,DE29LRFN03408487297585,TRQGGBGC,Anthony Day,BE76RWIS84362418623690,HMFXGB9E,Wesley Branch,153,Wallmouth,BE,SALA,Board back owner suggest agreement.,pain001_4.xml
MSG4-372fa632,2025-10-10T17:36:40+00:00,79,395764.95,William Hunter,PMT-0bcf08,TRF,2025-06-16,INSTR-16,E2E-7eb9478f9d,4094.08,EUR,William Hunter,DE29LRFN03408487297585,TRQGGBGC,Dakota Hickman,PL89BBKC40546835652156,XQDQGBJB,Joseph Port,166,New Valeriefort,PL,DIVD,This space pressure shoulder claim.,pain001_4.xml
MSG4-372fa632,2025-10-10T17:36:40+00:00,79,395764.95,William Hunter,PMT-0bcf08,TRF,2025-06-16,INSTR-17,E2E-0fef6e900c,3490.71,CAD,William Hunter,DE29LRFN03408487297585,TRQGGBGC,Scott Jordan,PT50DZAE48171752421495,LCCFGB3Q,Allen Ridge,150,East Ashleyfort,PT,GOVT,Teacher husband tax true can happen.,pain001_4.xml
MSG4-372fa632,2025-10-10T17:36:40+00:00,79,395764.95,William Hunter,PMT-0bcf08,TRF,2025-06-16,INSTR-18,E2E-180a8df039,31360.0,PLN,William Hunter,DE29LRFN03408487297585,TRQGGBGC,Natalie Sanchez,DE79MCHM71577871121663,MKCKGBV5,Eric Cove,171,Nicholasshire,DE,TRAD,Reduce live everything although choose.,pain001_4.xml
MSG4-372fa632,2025-10-10T17:36:40+00:00,79,395764.95,William Hunter,PMT-0bcf08,TRF,2025-06-16,INSTR-19,E2E-6a578b20f0,1147.28,GBP,William Hunter,DE29LRFN03408487297585,TRQGGBGC,Veronica Lewis,PL74CECI61476834201654,FGLNGB44,Miranda Trace,102,Nelsonburgh,PL,SUPP,Add to value material first society.,pain001_4.xml
MSG4-372fa632,2025-10-10T17:36:40+00:00,79,395764.95,William Hunter,PMT-0bcf08,TRF,2025-06-16,INSTR-20,E2E-eb9409f408,2787.1,USD,William Hunter,DE29LRFN03408487297585,TRQGGBGC,Laura Johnson,FR63LGGV90550448177665,LRNQGBVH,Robert Plains,34,New Nicholas,FR,TRAD,Learn health need class.,pain001_4.xml
MSG4-372fa632,2025-10-10T17:36:40+00:00,79,395764.95,William Hunter,PMT-0bcf08,TRF,2025-06-16,INSTR-21,E2E-1217aaf698,526.39,CAD,William Hunter,DE29LRFN03408487297585,TRQGGBGC,Shannon Cowan,IT86DUOQ90463378613715,ZONUGBZA,Christopher Brook,107,Garciaside,IT,TRAD,Pull above training allow ago so.,pain001_4.xml
MSG4-372fa632,2025-10-10T17:36:40+00:00,79,395764.95,William Hunter,PMT-0bcf08,TRF,2025-06-16,INSTR-22,E2E-2eda93f354,27107.56,PLN,William Hunter,DE29LRFN03408487297585,TRQGGBGC,Matthew Poole,NL53MKQF63128196482531,CANAGBJB,Anderson Roads,188,Maddenburgh,NL,DIVD,Process piece talk bring.,pain001_4.xml
MSG4-372fa632,2025-10-10T17:36:40+00:00,79,395764.95,William Hunter,PMT-0bcf08,TRF,2025-06-16,INSTR-23,E2E-d36f7f500e,8221.61,EUR,William Hunter,DE29LRFN03408487297585,TRQGGBGC,Cheryl Johnson,BE58DGAK23124473158477,NQMGGBQL,April Trace,46,East Michelle,BE,INTC,Reach thought exactly hotel on.,pain001_4.xml
MSG4-372fa632,2025-10-10T17:36:40+00:00,79,395764.95,William Hunter,PMT-0bcf08,TRF,2025-06-16,INSTR-24,E2E-aa82daf456,30978.14,PLN,William Hunter,DE29LRFN03408487297585,TRQGGBGC,Lisa Patterson,BE92QISN49856012562531,GVLLGBJU,Brooks Roads,200,South Garyton,BE,SALA,Act read response degree.,pain001_4.xml
MSG4-372fa632,2025-10-10T17:36:40+00:00,79,395764.95,William Hunter,PMT-0bcf08,TRF,2025-06-16,INSTR-25,E2E-b18a770df8,1427.11,GBP,William Hunter,DE29LRFN03408487297585,TRQGGBGC,Lawrence Ware,ES61KKGG07704611729596,HSAJGBBA,Audrey Rue,89,Flemingchester,ES,TAXS,Like stop indeed feeling.,pain001_4.xml
MSG4-372fa632,2025-10-10T17:36:40+00:00,79,395764.95,William Hunter,PMT-0bcf08,TRF,2025-06-16,INSTR-26,E2E-b7b003c1f0,4570.94,CHF,William Hunter,DE29LRFN03408487297585,TRQGGBGC,Jordan Allison,NL52EDKW63213580040104,CIKWGBYR,Megan River,105,North Jeffreytown,NL,SUPP,Understand on build floor.,pain001_4.xml
MSG4-372fa632,2025-10-10T17:36:40+00:00,79,395764.95,William Hunter,PMT-0bcf08,TRF,2025-06-16,INSTR-27,E2E-c5be691011,1175834.7,JPY,William Hunter,DE29LRFN03408487297585,TRQGGBGC,Bryan Rose,BE39HCIY41583311703037,MGPDGBVN,Stanley Harbors,32,Kendrafort,BE,SALA,Despite hair window test.,pain001_4.xml
MSG4-372fa632,2025-10-10T17:36:40+00:00,79,395764.95,William Hunter,PMT-0bcf08,TRF,2025-06-16,INSTR-28,E2E-7506843a94,2659.4,USD,William Hunter,DE29LRFN03408487297585,TRQGGBGC,Joel Rodriguez,NL56VQOL41815632686850,OILDGBDY,John Mount,189,West Anthony,NL,SUPP,Race position where detail.,pain001_4.xml
MSG4-372fa632,2025-10-10T17:36:40+00:00,79,395764.95,William Hunter,PMT-0bcf08,TRF,2025-06-16,INSTR-29,E2E-c41e999eff,8855.67,CHF,William Hunter,DE29LRFN03408487297585,TRQGGBGC,Desiree Andrade,ES71WIPG23549401289743,FKVCGBKL,Myers Courts,157,Lake Madison,ES,TAXS,Thing color set act goal.,pain001_4.xml
MSG4-372fa632,2025-10-10T17:36:40+00:00,79,395764.95,William Hunter,PMT-0bcf08,TRF,2025-06-16,INSTR-30,E2E-bf9dec65a8,95604.41,JPY,William Hunter,DE29LRFN03408487297585,TRQGGBGC,Kelly Jackson,IT52OPXL84745705458971,IVQXGBBJ,Kimberly Courts,36,Lindamouth,IT,SUPP,Letter change whom perhaps.,pain001_4.xml
MSG4-372fa632,2025-10-10T17:36:40+00:00,79,395764.95,William Hunter,PMT-0bcf08,TRF,2025-06-16,INSTR-31,E2E-e360d6c797,2677.08,CHF,William Hunter,DE29LRFN03408487297585,TRQGGBGC,Douglas Watkins,GB72BIEL48821423691430,PLHZGBY1,Tracy Avenue,91,Belltown,GB,DIVD,Whom better end few financial nor.,pain001_4.xml
MSG4-372fa632,2025-10-10T17:36:40+00:00,79,395764.95,William Hunter,PMT-0bcf08,TRF,2025-06-16,INSTR-32,E2E-37e4f1887c,22271.79,PLN,William Hunter,DE29LRFN03408487297585,TRQGGBGC,Edward Ho,PL57OWKQ57567667080612,TJZHGB6X,Gardner Lane,65,Davishaven,PL,PENS,Per tonight there apply.,pain001_4.xml
MSG4-372fa632,2025-10-10T17:36:40+00:00,79,395764.95,William Hunter,PMT-0bcf08,TRF,2025-06-16,INSTR-33,E2E-6e5cbb0a0b,8234.45,CAD,William Hunter,DE29LRFN03408487297585,TRQGGBGC,Devin Andersen,BE53BDXS80382872324407,TWGDGBEA,Matthew Court,161,Arianamouth,BE,SUPP,Page building best daughter.,pain001_4.xml
MSG4-372fa632,2025-10-10T17:36:40+00:00,79,395764.95,William Hunter,PMT-0bcf08,TRF,2025-06-16,INSTR-34,E2E-c3128810f5,7240.35,CHF,William Hunter,DE29LRFN03408487297585,TRQGGBGC,Ryan Green,NL52FEXV32883774419754,MMWZGBG3,Villarreal Ridges,24,South Dustintown,NL,DIVD,Spend challenge exist build hope oil.,pain001_4.xml
MSG4-372fa632,2025-10-10T17:36:40+00:00,79,395764.95,William Hunter,PMT-0bcf08,TRF,2025-06-16,INSTR-35,E2E-ca4ed80e6e,5693.18,GBP,William Hunter,DE29LRFN03408487297585,TRQGGBGC,Terry Estes,ES88LQQG58681225957244,MCUPGBY4,Khan Mount,129,Albertburgh,ES,TAXS,Once stop attack ahead run discuss.,pain001_4.xml
MSG4-372fa632,2025-10-10T17:36:40+00:00,79,395764.95,William Hunter,PMT-0bcf08,TRF,2025-06-16,INSTR-36,E2E-3889cea037,3474.1,CHF,William Hunter,DE29LRFN03408487297585,TRQGGBGC,Sylvia Flynn,ES49CBTI10175902517629,RGGIGB52,Rachel Extensions,74,Camposchester,ES,GOVT,Different score its more so.,pain001_4.xml
MSG4-372fa632,2025-10-10T17:36:40+00:00,79,395764.95,William Hunter,PMT-0bcf08,TRF,2025-06-16,INSTR-37,E2E-6364449570,4971.5,GBP,William Hunter,DE29LRFN03408487297585,TRQGGBGC,Stephanie Ward,PL10PGGS78559821766191,EZQJGBGH,Carroll Way,89,West Jacobhaven,PL,SALA,Attack the why avoid offer table.,pain001_4.xml
MSG4-372fa632,2025-10-10T17:36:40+00:00,79,395764.95,William Hunter,PMT-0bcf08,TRF,2025-06-16,INSTR-38,E2E-dbc9e8f3ec,8201.62,USD,William Hunter,DE29LRFN03408487297585,TRQGGBGC,George Green,NL70XKYV03719905169918,PEIXGBCG,Barron Circle,64,East Amy,NL,TAXS,Market different go.,pain001_4.xml
MSG4-372fa632,2025-10-10T17:36:40+00:00,79,395764.95,William Hunter,PMT-0bcf08,TRF,2025-06-16,INSTR-39,E2E-90ddcced80,1356.46,USD,William Hunter,DE29LRFN03408487297585,TRQGGBGC,Shannon Fleming,NL38NWNR21719553560331,SAHNGB8C,Angela Center,133,Cannonberg,NL,SUPP,Their economic arm.,pain001_4.xml
MSG4-372fa632,2025-10-10T17:36:40+00:00,79,395764.95,William Hunter,PMT-0bcf08,TRF,2025-06-16,INSTR-40,E2E-36bdccefa4,866493.11,JPY,William Hunter,DE29LRFN03408487297585,TRQGGBGC,Dana Carter,DE11GPWX53745843845881,BLNWGB5R,Mendoza Crossing,188,North Johnside,DE,TRAD,Data case wish discover.,pain001_4.xml
MSG4-372fa632,2025-10-10T17:36:40+00:00,79,395764.95,William Hunter,PMT-0bcf08,TRF,2025-06-16,INSTR-41,E2E-1786b9f1fb,10825.05,USD,William Hunter,DE29LRFN03408487297585,TRQGGBGC,Brian Porter,PT47BITM70667033626804,BRYLGBBV,Joseph Radial,115,Evansland,PT,TAXS,Special opportunity serious game stop.,pain001_4.xml
MSG4-372fa632,2025-10-10T17:36:40+00:00,79,395764.95,William Hunter,PMT-0bcf08,TRF,2025-06-16,INSTR-42,E2E-9a099bb15c,366108.24,JPY,William Hunter,DE29LRFN03408487297585,TRQGGBGC,Tara Mitchell,GB84OXHE04413845960945,IVIZGBAH,Coleman Stravenue,183,Franciscofurt,GB,INTC,Nothing fly enough condition leg.,pain001_4.xml
MSG4-372fa632,2025-10-10T17:36:40+00:00,79,395764.95,William Hunter,PMT-0bcf08,TRF,2025-06-16,INSTR-43,E2E-07c79d4f11,13245.72,CAD,William Hunter,DE29LRFN03408487297585,TRQGGBGC,Angela Prince,PT20IIPE32290310287950,RWHBGBQQ,Ashley Mill,73,West Katie,PT,DIVD,Question tax government.,pain001_4.xml
MSG4-372fa632,2025-10-10T17:36:40+00:00,79,395764.95,William Hunter,PMT-0bcf08,TRF,2025-06-16,INSTR-44,E2E-a042715099,1060761.23,JPY,William Hunter,DE29LRFN03408487297585,TRQGGBGC,Jorge Young,PL58JEAK95565749025042,SADTGBNU,Hudson Village,133,Joneschester,PL,SUPP,High young bad back.,pain001_4.xml
MSG4-372fa632,2025-10-10T17:36:40+00:00,79,395764.95,William Hunter,PMT-0bcf08,TRF,2025-06-16,INSTR-45,E2E-28e2c2876b,7540.2,CAD,William Hunter,DE29LRFN03408487297585,TRQGGBGC,Shawn Yates,PT24SJHK35375137651588,CLUPGBO2,Hopkins Pike,152,Stewartborough,PT,TRAD,Car term truth toward.,pain001_4.xml
MSG4-372fa632,2025-10-10T17:36:40+00:00,79,395764.95,William Hunter,PMT-0bcf08,TRF,2025-06-16,INSTR-46,E2E-c3f7c24bac,6281.94,PLN,William Hunter,DE29LRFN03408487297585,TRQGGBGC,Lee Rodriguez,PL49XNJY72298120995765,OFQXGBRG,Charles Knoll,181,Lozanomouth,PL,GOVT,Father game nor today oil.,pain001_4.xml
MSG4-372fa632,2025-10-10T17:36:40+00:00,79,395764.95,William Hunter,PMT-0bcf08,TRF,2025-06-16,INSTR-47,E2E-def3e32abd,3843.9,EUR,William Hunter,DE29LRFN03408487297585,TRQGGBGC,Monica Jordan,ES21FDJI77324491342138,QYFAGBC8,Andrews Ridges,67,Coryport,ES,TAXS,Only the detail cultural.,pain001_4.xml
MSG4-372fa632,2025-10-10T17:36:40+00:00,79,395764.95,William Hunter,PMT-0bcf08,TRF,2025-06-16,INSTR-48,E2E-1b381f3b3a,20768.91,PLN,William Hunter,DE29LRFN03408487297585,TRQGGBGC,Nicole Smith,DE47NWIT69357824347769,LRPJGBGO,Travis Ridge,15,Lake Gregory,DE,GOVT,While to shake information.,pain001_4.xml
MSG4-372fa632,2025-10-10T17:36:40+00:00,79,395764.95,William Hunter,PMT-0bcf08,TRF,2025-06-16,INSTR-49,E2E-6846dfb6da,7583.0,CHF,William Hunter,DE29LRFN03408487297585,TRQGGBGC,Patricia Webb,ES22QGZN08545667664047,XHKUGBCT,Burke Spur,59,North Kelly,ES,TRAD,Can music wear again here sister.,pain001_4.xml
MSG4-372fa632,2025-10-10T17:36:40+00:00,79,395764.95,William Hunter,PMT-0bcf08,TRF,2025-06-16,INSTR-50,E2E-342787bb93,1897.42,EUR,William Hunter,DE29LRFN03408487297585,TRQGGBGC,Christopher Nichols,BE80RXHA00818670244033,BIXDGBYZ,Kelly Estates,168,Martinborough,BE,SALA,Stand theory technology baby.,pain001_4.xml
MSG4-372fa632,2025-10-10T17:36:40+00:00,79,395764.95,William Hunter,PMT-0bcf08,TRF,2025-06-16,INSTR-51,E2E-8c9e921fb5,1052.59,CAD,William Hunter,DE29LRFN03408487297585,TRQGGBGC,Rebecca Lee,NL94DIUS76461368474883,MAPXGBZX,Glover Manors,151,West Joshuaborough,NL,GOVT,Poor forward special wish.,pain001_4.xml
MSG4-372fa632,2025-10-10T17:36:40+00:00,79,395764.95,William Hunter,PMT-0bcf08,TRF,2025-06-16,INSTR-52,E2E-c7e90ddfee,10597.16,USD,William Hunter,DE29LRFN03408487297585,TRQGGBGC,Jamie Massey,DE46EBKW99604387875357,WPQRGBFG,Brian Park,187,Robertmouth,DE,DIVD,Thank box those manager phone modern.,pain001_4.xml
MSG4-372fa632,2025-10-10T17:36:40+00:00,79,395764.95,William Hunter,PMT-0bcf08,TRF,2025-06-16,INSTR-53,E2E-dfe854a736,188037.93,JPY,William Hunter,DE29LRFN03408487297585,TRQGGBGC,Edward Weeks,PT26EJQV39589477352287,AKNFGBJ4,Mills Ridges,73,Anneburgh,PT,DIVD,Year accept reduce current.,pain001_4.xml
MSG4-372fa632,2025-10-10T17:36:40+00:00,79,395764.95,William Hunter,PMT-0bcf08,TRF,2025-06-16,INSTR-54,E2E-71b6d699ab,2529.3,CAD,William Hunter,DE29LRFN03408487297585,TRQGGBGC,Gregory Hansen,IT37NSXJ59648831921342,ISDEGB7Y,Michael Bridge,63,West Justin,IT,TRAD,Offer table painting whom say pattern.,pain001_4.xml
MSG4-372fa632,2025-10-10T17:36:40+00:00,79,395764.95,William Hunter,PMT-0bcf08,TRF,2025-06-16,INSTR-55,E2E-e1e32c622c,4636.48,GBP,William Hunter,DE29LRFN03408487297585,TRQGGBGC,Aaron Miller,FR81KJQY13866675485819,GFUIGBJ1,Derrick Valley,46,Colemanfort,FR,GOVT,Talk side generation interest pay then.,pain001_4.xml
MSG4-372fa632,2025-10-10T17:36:40+00:00,79,395764.95,William Hunter,PMT-0bcf08,TRF,2025-06-16,INSTR-56,E2E-375b5fe058,1015.49,USD,William Hunter,DE29LRFN03408487297585,TRQGGBGC,Abigail Collins,NL10UPMB44090797727810,LATWGBJL,Rhonda Glen,193,New Joshuaview,NL,INTC,Bar street budget kitchen.,pain001_4.xml
MSG4-372fa632,2025-10-10T17:36:40+00:00,79,395764.95,William Hunter,PMT-0bcf08,TRF,2025-06-16,INSTR-57,E2E-17a936cf27,6507.14,GBP,William Hunter,DE29LRFN03408487297585,TRQGGBGC,Nancy Cook,GB74NVVB13824127049386,FUXAGBTR,Hurst Extension,115,Zacharyfurt,GB,TAXS,Go game nothing recent not leg break.,pain001_4.xml
MSG4-372fa632,2025-10-10T17:36:40+00:00,79,395764.95,William Hunter,PMT-0bcf08,TRF,2025-06-16,INSTR-58,E2E-e5868be85d,6141.26,GBP,William Hunter,DE29LRFN03408487297585,TRQGGBGC,Christopher Smith,PT35UGXY24064242956334,GFJIGB2Q,Stevens Wells,8,West Mary,PT,PENS,Majority official give politics.,pain001_4.xml
MSG4-372fa632,2025-10-10T17:36:40+00:00,79,395764.95,William Hunter,PMT-0bcf08,TRF,2025-06-16,INSTR-59,E2E-9c237bb5a7,1567428.26,JPY,William Hunter,DE29LRFN03408487297585,TRQGGBGC,Jessica Brewer DDS,DE96IGOI01827279559690,KWDUGBWA,Clark Squares,113,Christopherborough,DE,INTC,Instead friend possible beyond.,pain001_4.xml
MSG4-372fa632,2025-10-10T17:36:40+00:00,79,395764.95,William Hunter,PMT-0bcf08,TRF,2025-06-16,INSTR-60,E2E-da3bf22496,8451.85,USD,William Hunter,DE29LRFN03408487297585,TRQGGBGC,Jessica Ross,GB60JBHY81664969028249,WQGSGBII,Johnny Landing,49,Timothyfurt,GB,SALA,Small approach bed society center get.,pain001_4.xml
MSG4-372fa632,2025-10-10T17:36:40+00:00,79,395764.95,William Hunter,PMT-0bcf08,TRF,2025-06-16,INSTR-61,E2E-c1919ae22e,6842.27,GBP,William Hunter,DE29LRFN03408487297585,TRQGGBGC,Dalton Davis,PL41LDPR63767316252654,VXNTGBZ8,Eric Point,155,Adamburgh,PL,SUPP,Get prove wife agree.,pain001_4.xml
MSG4-372fa632,2025-10-10T17:36:40+00:00,79,395764.95,William Hunter,PMT-0bcf08,TRF,2025-06-16,INSTR-62,E2E-8f657bbf6d,7414.53,EUR,William Hunter,DE29LRFN03408487297585,TRQGGBGC,Jonathan Williams,FR56EJJM70462268171516,ZZAFGBUI,Graham Junction,181,Valdezchester,FR,DIVD,Else plant page sort late health.,pain001_4.xml
MSG4-372fa632,2025-10-10T17:36:40+00:00,79,395764.95,William Hunter,PMT-0bcf08,TRF,2025-06-16,INSTR-63,E2E-1359368856,1490.86,GBP,William Hunter,DE29LRFN03408487297585,TRQGGBGC,Angela Smith,ES58JBDP75095465408424,LNAOGBUT,Gonzalez Via,19,Grahammouth,ES,PENS,Other ground already.,pain001_4.xml
MSG4-372fa632,2025-10-10T17:36:40+00:00,79,395764.95,William Hunter,PMT-0bcf08,TRF,2025-06-16,INSTR-64,E2E-0b8eca6f84,6896.5,CHF,William Hunter,DE29LRFN03408487297585,TRQGGBGC,Wesley Barker,ES75LBET16815466024161,ZGSIGBT6,Samantha Village,181,Williamsmouth,ES,GOVT,Everybody provide painting travel.,pain001_4.xml
MSG4-372fa632,2025-10-10T17:36:40+00:00,79,395764.95,William Hunter,PMT-0bcf08,TRF,2025-06-16,INSTR-65,E2E-42f5a5f47e,5143.53,CHF,William Hunter,DE29LRFN03408487297585,TRQGGBGC,Kyle Daugherty,IT69TJXW97969586780555,LOEOGB5N,Davis Fork,72,Lake Markland,IT,TAXS,Ahead person coach goal it yet age.,pain001_4.xml
MSG4-372fa632,2025-10-10T17:36:40+00:00,79,395764.95,William Hunter,PMT-0bcf08,TRF,2025-06-16,INSTR-66,E2E-467bb67a53,8286.36,GBP,William Hunter,DE29LRFN03408487297585,TRQGGBGC,Sarah Davis,FR71YYXM86536945515888,MHMPGB3S,Jason Creek,38,Gregoryburgh,FR,TRAD,Himself president wind improve.,pain001_4.xml
MSG4-372fa632,2025-10-10T17:36:40+00:00,79,395764.95,William Hunter,PMT-0bcf08,TRF,2025-06-16,INSTR-67,E2E-5e7bfda0f6,28361.16,PLN,William Hunter,DE29LRFN03408487297585,TRQGGBGC,Ms. Monique Dougherty MD,FR56AXTZ68832753273524,CAGSGB33,Garrett Road,26,Cohenstad,FR,DIVD,Raise kitchen drop computer left.,pain001_4.xml
MSG4-372fa632,2025-10-10T17:36:40+00:00,79,395764.95,William Hunter,PMT-0bcf08,TRF,2025-06-16,INSTR-68,E2E-ec8f684521,5030.34,CAD,William Hunter,DE29LRFN03408487297585,TRQGGBGC,Nathan Jones,PT88ZNIW81980770460568,UUONGBHG,Evelyn Lodge,156,Atkinsland,PT,GOVT,Suggest serious often social.,pain001_4.xml
MSG4-372fa632,2025-10-10T17:36:40+00:00,79,395764.95,William Hunter,PMT-0bcf08,TRF,2025-06-16,INSTR-69,E2E-0a4a7d1858,1036.94,GBP,William Hunter,DE29LRFN03408487297585,TRQGGBGC,Mr. Gary Benson,BE57JWOK74949022840359,LWJJGBKT,Nolan Overpass,102,Port Jordan,BE,INTC,Pm agreement deep field once.,pain001_4.xml
MSG4-372fa632,2025-10-10T17:36:40+00:00,79,395764.95,William Hunter,PMT-0bcf08,TRF,2025-06-16,INSTR-70,E2E-80b371eec0,8102.32,USD,William Hunter,DE29LRFN03408487297585,TRQGGBGC,Valerie Schneider,NL36PFPM01534332491357,OSUAGB7O,Mills Lane,140,Wonghaven,NL,TAXS,Hair allow phone weight medical.,pain001_4.xml
MSG4-372fa632,2025-10-10T17:36:40+00:00,79,395764.95,William Hunter,PMT-0bcf08,TRF,2025-06-16,INSTR-71,E2E-15a989b288,7878.84,CHF,William Hunter,DE29LRFN03408487297585,TRQGGBGC,Keith Wright,FR76OFBT48413128403339,YSPOGBG8,Robles Falls,180,East Hannah,FR,DIVD,Five plant cultural.,pain001_4.xml
MSG4-372fa632,2025-10-10T17:36:40+00:00,79,395764.95,William Hunter,PMT-0bcf08,TRF,2025-06-16,INSTR-72,E2E-f8889d50ce,7242.97,CAD,William Hunter,DE29LRFN03408487297585,TRQGGBGC,Elizabeth Smith,PL44SZUT70469472587844,IRHKGBR9,Callahan Creek,30,Watersborough,PL,TAXS,System particular church what.,pain001_4.xml
MSG4-372fa632,2025-10-10T17:36:40+00:00,79,395764.95,William Hunter,PMT-0bcf08,TRF,2025-06-16,INSTR-73,E2E-d4ee3ef422,6981.69,USD,William Hunter,DE29LRFN03408487297585,TRQGGBGC,Charles Cook,DE34MYNA60652740334450,KNZMGBU9,Calderon Island,159,Parkershire,DE,DIVD,Walk or weight water sit hope where.,pain001_4.xml
MSG4-372fa632,2025-10-10T17:36:40+00:00,79,395764.95,William Hunter,PMT-0bcf08,TRF,2025-06-16,INSTR-74,E2E-5169cf5909,2434.39,CAD,William Hunter,DE29LRFN03408487297585,TRQGGBGC,Duane Ruiz,BE98SJSG81735984884021,ZWWXGBUX,Mark Trail,1,Hollowayberg,BE,GOVT,Effort section age budget improve.,pain001_4.xml
MSG4-372fa632,2025-10-10T17:36:40+00:00,79,395764.95,William Hunter,PMT-0bcf08,TRF,2025-06-16,INSTR-75,E2E-f296cc7ba7,8290.7,USD,William Hunter,DE29LRFN03408487297585,TRQGGBGC,Whitney Moyer,ES45XCSC81828197931647,OXEUGBVE,Tyler Overpass,192,Baileyland,ES,SALA,Possible fund month realize.,pain001_4.xml
MSG4-372fa632,2025-10-10T17:36:40+00:00,79,395764.95,William Hunter,PMT-0bcf08,TRF,2025-06-16,INSTR-76,E2E-17a43cbc2f,6020.56,GBP,William Hunter,DE29LRFN03408487297585,TRQGGBGC,Chris Foley,FR53LWSE32342108902851,KKHVGBNM,Patel Shoal,130,Port Lorraine,FR,INTC,Clear yard do turn sign.,pain001_4.xml
MSG4-372fa632,2025-10-10T17:36:40+00:00,79,395764.95,William Hunter,PMT-0bcf08,TRF,2025-06-16,INSTR-77,E2E-e5bed19c89,4859.34,EUR,William Hunter,DE29LRFN03408487297585,TRQGGBGC,Jaime Wallace,BE71YMSD12898123179556,GGCZGB6X,Omar Mission,15,Rossborough,BE,TAXS,Practice special then administration.,pain001_4.xml
MSG4-372fa632,2025-10-10T17:36:40+00:00,79,395764.95,William Hunter,PMT-0bcf08,TRF,2025-06-16,INSTR-78,E2E-45a49693e3,5629.69,GBP,William Hunter,DE29LRFN03408487297585,TRQGGBGC,Joseph Taylor,ES93JLTN26228225120734,MULIGBUB,Farmer Circle,151,Port Jodi,ES,TRAD,Former threat alone.,pain001_4.xml
MSG4-372fa632,2025-10-10T17:36:40+00:00,79,395764.95,William Hunter,PMT-0bcf08,TRF,2025-06-16,INSTR-79,E2E-6674f4688f,860367.87,JPY,William Hunter,DE29LRFN03408487297585,TRQGGBGC,Brooke Smith,PL75ROET04774258591779,GEHQGBIJ,Christopher Circles,55,South Stevenchester,PL,GOVT,Process sea response executive past.,pain001_4.xml
MSG5-59b83214,2025-10-10T17:36:40+00:00,44,217416.06,Kelly Ray,PMT-a67699,TRF,2025-10-27,INSTR-1,E2E-bd91c34771,8412.15,CHF,Kelly Ray,DE52IYEK65290603202032,MKASGB44,Chelsea Kane,IT33ODXI85524578715841,ZLNUGBB8,Hayes Forest,41,Howellside,IT,PENS,Behind window store build.,pain001_5.xml
MSG5-59b83214,2025-10-10T17:36:40+00:00,44,217416.06,Kelly Ray,PMT-a67699,TRF,2025-10-27,INSTR-2,E2E-1eb6cadc5b,2616.76,GBP,Kelly Ray,DE52IYEK65290603202032,MKASGB44,Valerie White,PT65XXLQ92988085838252,DVFUGBOJ,Donald Springs,75,Port Alvin,PT,SALA,Will throw life carry visit a edge.,pain001_5.xml
MSG5-59b83214,2025-10-10T17:36:40+00:00,44,217416.06,Kelly Ray,PMT-a67699,TRF,2025-10-27,INSTR-3,E2E-972bd0b3ac,4867.7,CAD,Kelly Ray,DE52IYEK65290603202032,MKASGB44,Mr. William Bray,NL79HLCH42619237245018,JQDYGB4O,Peter Estate,147,Myersborough,NL,SALA,Federal by sea lawyer audience without.,pain001_5.xml
MSG5-59b83214,2025-10-10T17:36:40+00:00,44,217416.06,Kelly Ray,PMT-a67699,TRF,2025-10-27,INSTR-4,E2E-0ad9075d2d,1007057.54,JPY,Kelly Ray,DE52IYEK65290603202032,MKASGB44,Christopher Mckinney,FR22HVPW66014448564510,DWZPGBP5,Blake Fork,104,North Whitneystad,FR,INTC,Opportunity program billion sit remain.,pain001_5.xml
MSG5-59b83214,2025-10-10T17:36:40+00:00,44,217416.06,Kelly Ray,PMT-a67699,TRF,2025-10-27,INSTR-5,E2E-ed78905195,219.94,CHF,Kelly Ray,DE52IYEK65290603202032,MKASGB44,Maria Garcia,BE45WTNM05779806603920,UKDJGB0B,David Track,72,West Betty,BE,TRAD,Foot recognize play.,pain001_5.xml
MSG5-59b83214,2025-10-10T17:36:40+00:00,44,217416.06,Kelly Ray,PMT-a67699,TRF,2025-10-27,INSTR-6,E2E-62000864ab,2459.64,CAD,Kelly Ray,DE52IYEK65290603202032,MKASGB44,Gregory Ochoa,BE85KJDX16597263475575,YFFKGBBH,Gates Isle,47,Christinabury,BE,SUPP,Ok training record night series.,pain001_5.xml
MSG5-59b83214,2025-10-10T17:36:40+00:00,44,217416.06,Kelly Ray,PMT-a67699,TRF,2025-10-27,INSTR-7,E2E-026fb5f2eb,52125.55,JPY,Kelly Ray,DE52IYEK65290603202032,MKASGB44,Brianna Peterson,PL12TSCK37038240733337,UZGEGBAS,Sanders Lights,176,Port Stephanieport,PL,DIVD,Who tax low keep news.,pain001_5.xml
MSG5-59b83214,2025-10-10T17:36:40+00:00,44,217416.06,Kelly Ray,PMT-a67699,TRF,2025-10-27,INSTR-8,E2E-4ed5bb9e75,2928.85,EUR,Kelly Ray,DE52IYEK65290603202032,MKASGB44,Robert Cox,GB22CWEK38921878519358,HOISGBD3,Reynolds Lakes,51,West Amber,GB,PENS,Require make region.,pain001_5.xml
MSG5-59b83214,2025-10-10T17:36:40+00:00,44,217416.06,Kelly Ray,PMT-a67699,TRF,2025-10-27,INSTR-9,E2E-003ac30a3c,29081.31,PLN,Kelly Ray,DE52IYEK65290603202032,MKASGB44,Erin Hudson,BE81WYLS11918623392207,XDKCGBGZ,Thomas Plains,17,Michelleton,BE,PENS,Great religious these matter continue.,pain001_5.xml
MSG5-59b83214,2025-10-10T17:36:40+00:00,44,217416.06,Kelly Ray,PMT-a67699,TRF,2025-10-27,INSTR-10,E2E-1f4012da02,2781.23,USD,Kelly Ray,DE52IYEK65290603202032,MKASGB44,Shawn Brown,GB92QAAK64099512397283,LDVEGBXL,Felicia Court,13,North Tamara,GB,INTC,Very thousand soldier.,pain001_5.xml
MSG5-59b83214,2025-10-10T17:36:40+00:00,44,217416.06,Kelly Ray,PMT-a67699,TRF,2025-10-27,INSTR-11,E2E-8ce7727d7e,10814.15,USD,Kelly Ray,DE52IYEK65290603202032,MKASGB44,Joseph Mccullough,GB71MZOD81535237360507,ZVWYGBG7,Lee Drives,126,Sharonside,GB,SUPP,Professional fly month offer.,pain001_5.xml
MSG5-59b83214,2025-10-10T17:36:40+00:00,44,217416.06,Kelly Ray,PMT-a67699,TRF,2025-10-27,INSTR-12,E2E-2721c8044f,9039.63,CHF,Kelly Ray,DE52IYEK65290603202032,MKASGB44,Jennifer Bennett,FR78JPZY40803149982508,ABJMGBMW,Johnson Cove,184,Annafurt,FR,DIVD,Treat better wear.,pain001_5.xml
MSG5-59b83214,2025-10-10T17:36:40+00:00,44,217416.06,Kelly Ray,PMT-a67699,TRF,2025-10-27,INSTR-13,E2E-182ca3ebce,3267.45,CHF,Kelly Ray,DE52IYEK65290603202032,MKASGB44,Thomas Harris,GB36KFMH56022939469434,NWANGB0Y,Sandra Avenue,16,Lake Lisa,GB,TAXS,Successful couple single effect action.,pain001_5.xml
MSG5-59b83214,2025-10-10T17:36:40+00:00,44,217416.06,Kelly Ray,PMT-a67699,TRF,2025-10-27,INSTR-14,E2E-3f27e5223c,605618.22,JPY,Kelly Ray,DE52IYEK65290603202032,MKASGB44,Rick Jones,ES87JRJJ94116318732807,PDDHGBCY,Jackson Streets,70,Stephaniefurt,ES,PENS,Base really attack job.,pain001_5.xml
MSG5-59b83214,2025-10-10T17:36:40+00:00,44,217416.06,Kelly Ray,PMT-a67699,TRF,2025-10-27,INSTR-15,E2E-367beea00b,1188385.75,JPY,Kelly Ray,DE52IYEK65290603202032,MKASGB44,Daniel Stewart,PT38OGUB66248132357071,HTQJGB9K,Stacy Junctions,116,Sandrastad,PT,TRAD,Natural fish born assume.,pain001_5.xml
MSG5-59b83214,2025-10-10T17:36:40+00:00,44,217416.06,Kelly Ray,PMT-a67699,TRF,2025-10-27,INSTR-16,E2E-f0243bd923,1003948.26,JPY,Kelly Ray,DE52IYEK65290603202032,MKASGB44,James Hart,IT12SRCA79649673794577,EORLGBOJ,Mack Crest,149,Port Courtney,IT,TAXS,Pm company whose yourself think.,pain001_5.xml
MSG5-59b83214,2025-10-10T17:36:40+00:00,44,217416.06,Kelly Ray,PMT-a67699,TRF,2025-10-27,INSTR-17,E2E-3f69f0f21a,5565.91,USD,Kelly Ray,DE52IYEK65290603202032,MKASGB44,Victoria Martinez,FR91XOOM75556283333939,LORYGB0X,Clark Lodge,67,Stephensonmouth,FR,PENS,Degree center board present feel.,pain001_5.xml
MSG5-59b83214,2025-10-10T17:36:40+00:00,44,217416.06,Kelly Ray,PMT-a67699,TRF,2025-10-27,INSTR-18,E2E-06a8dd1303,4893.46,USD,Kelly Ray,DE52IYEK65290603202032,MKASGB44,Daniel Bradley,BE61ZZGE65732759980111,AABKGBFU,Joshua Summit,13,Lake Richard,BE,DIVD,Indeed mother peace citizen.,pain001_5.xml
MSG5-59b83214,2025-10-10T17:36:40+00:00,44,217416.06,Kelly Ray,PMT-a67699,TRF,2025-10-27,INSTR-19,E2E-f84fd4fe47,8805.86,CAD,Kelly Ray,DE52IYEK65290603202032,MKASGB44,Anne Williams,GB21WLOS92707955151229,JVMEGBHM,Kennedy Neck,173,Port Andrew,GB,SUPP,Five cold power red enjoy you front.,pain001_5.xml
MSG5-59b83214,2025-10-10T17:36:40+00:00,44,217416.06,Kelly Ray,PMT-a67699,TRF,2025-10-27,INSTR-20,E2E-eaa3de3048,904125.62,JPY,Kelly Ray,DE52IYEK65290603202032,MKASGB44,William Weber,PL22WVIW65586652548374,ICOVGBFU,Kevin Flats,183,Jameston,PL,TAXS,Region current second ball.,pain001_5.xml
MSG5-59b83214,2025-10-10T17:36:40+00:00,44,217416.06,Kelly Ray,PMT-a67699,TRF,2025-10-27,INSTR-21,E2E-57d16a903a,386.97,GBP,Kelly Ray,DE52IYEK65290603202032,MKASGB44,Mitchell Hughes,PT51PJXV90728012342893,WDWYGBEM,Thomas Flat,119,Jacobsburgh,PT,SUPP,Support series direction house.,pain001_5.xml
MSG5-59b83214,2025-10-10T17:36:40+00:00,44,217416.06,Kelly Ray,PMT-a67699,TRF,2025-10-27,INSTR-22,E2E-8cb02a0678,103602.15,JPY,Kelly Ray,DE52IYEK65290603202032,MKASGB44,Melinda Campbell,ES23TYNC70159591945757,LPJYGB5U,Calvin Circles,58,Cooperton,ES,GOVT,Them small high.,pain001_5.xml
MSG5-59b83214,2025-10-10T17:36:40+00:00,44,217416.06,Kelly Ray,PMT-a67699,TRF,2025-10-27,INSTR-23,E2E-6c28bbdfde,8221.45,CAD,Kelly Ray,DE52IYEK65290603202032,MKASGB44,John Nelson,FR32RIHG79766270511579,JEHQGB5N,Andrew Lock,105,West Maria,FR,INTC,Adult have early war.,pain001_5.xml
MSG5-59b83214,2025-10-10T17:36:40+00:00,44,217416.06,Kelly Ray,PMT-a67699,TRF,2025-10-27,INSTR-24,E2E-a420b19879,474.29,USD,Kelly Ray,DE52IYEK65290603202032,MKASGB44,Glen Leon,PT21HHPS70581629518779,XICOGBYM,Rachel Islands,183,Lake Brittany,PT,PENS,Force station lot.,pain001_5.xml
MSG5-59b83214,2025-10-10T17:36:40+00:00,44,217416.06,Kelly Ray,PMT-a67699,TRF,2025-10-27,INSTR-25,E2E-6d4af0c7bd,10494.36,USD,Kelly Ray,DE52IYEK65290603202032,MKASGB44,Christina Cochran,BE59QZQJ36604432400615,OYEOGBY9,Susan Ranch,131,West Jessicaborough,BE,INTC,Order serve blue event.,pain001_5.xml
MSG5-59b83214,2025-10-10T17:36:40+00:00,44,217416.06,Kelly Ray,PMT-a67699,TRF,2025-10-27,INSTR-26,E2E-d003ad6460,5768.79,GBP,Kelly Ray,DE52IYEK65290603202032,MKASGB44,Anthony Nguyen,FR36UKMF59045990802711,EEDQGBKP,Wood Island,179,Piercechester,FR,GOVT,Senior win full include.,pain001_5.xml
MSG5-59b83214,2025-10-10T17:36:40+00:00,44,217416.06,Kelly Ray,PMT-a67699,TRF,2025-10-27,INSTR-27,E2E-0443650f70,786036.53,JPY,Kelly Ray,DE52IYEK65290603202032,MKASGB44,Christopher Carson,PT55UVRA03700332285566,AQYJGB5B,Shane Crescent,142,Jeremyton,PT,SUPP,Ok happy together clearly.,pain001_5.xml
MSG5-59b83214,2025-10-10T17:36:40+00:00,44,217416.06,Kelly Ray,PMT-a67699,TRF,2025-10-27,INSTR-28,E2E-b8963ea37c,14568.42,CAD,Kelly Ray,DE52IYEK65290603202032,MKASGB44,James Davenport,NL25OAOT86321061339439,JLOBGBOQ,Cook Islands,76,Philipport,NL,TRAD,Memory finally describe Congress free.,pain001_5.xml
MSG5-59b83214,2025-10-10T17:36:40+00:00,44,217416.06,Kelly Ray,PMT-a67699,TRF,2025-10-27,INSTR-29,E2E-63f0dbbb75,6097.81,EUR,Kelly Ray,DE52IYEK65290603202032,MKASGB44,Dominique Hatfield,NL35AIAJ76921053365146,UAJYGBCH,Chris Coves,12,Port Anthonyton,NL,SALA,Center lead usually work trip.,pain001_5.xml
MSG5-59b83214,2025-10-10T17:36:40+00:00,44,217416.06,Kelly Ray,PMT-a67699,TRF,2025-10-27,INSTR-30,E2E-75e06f454d,3684.83,CHF,Kelly Ray,DE52IYEK65290603202032,MKASGB44,Karen Smith,BE10PCXW23166007676209,BVCYGBRS,Jenny Motorway,33,Josephshire,BE,DIVD,Them structure itself.,pain001_5.xml
MSG5-59b83214,2025-10-10T17:36:40+00:00,44,217416.06,Kelly Ray,PMT-a67699,TRF,2025-10-27,INSTR-31,E2E-28c44cdb7e,4196.34,CAD,Kelly Ray,DE52IYEK65290603202032,MKASGB44,Jacqueline Winters,IT48MLOL42786561942557,OYRVGBKC,Malik Route,86,Richardshire,IT,GOVT,Media teacher person out music story.,pain001_5.xml
MSG5-59b83214,2025-10-10T17:36:40+00:00,44,217416.06,Kelly Ray,PMT-a67699,TRF,2025-10-27,INSTR-32,E2E-c25482e28f,4385.94,GBP,Kelly Ray,DE52IYEK65290603202032,MKASGB44,Jennifer Colon,PL15IRVF35715586863956,WYDHGB3J,Veronica Plains,135,New Daletown,PL,TRAD,Respond throw wide son manager.,pain001_5.xml
MSG5-59b83214,2025-10-10T17:36:40+00:00,44,217416.06,Kelly Ray,PMT-a67699,TRF,2025-10-27,INSTR-33,E2E-ba6c48a684,9152.68,CHF,Kelly Ray,DE52IYEK65290603202032,MKASGB44,Mark Lynn,GB42YVCC47165609456534,NTSPGBC5,Andrew Burgs,30,Davidburgh,GB,GOVT,Matter goal eight.,pain001_5.xml
MSG5-59b83214,2025-10-10T17:36:40+00:00,44,217416.06,Kelly Ray,PMT-a67699,TRF,2025-10-27,INSTR-34,E2E-65d3f67200,16187.84,PLN,Kelly Ray,DE52IYEK65290603202032,MKASGB44,Katherine Johnson,ES78CHXW17653970548739,NDAVGBIB,Sydney Trace,197,South Johnnyland,ES,INTC,Education brother might.,pain001_5.xml
MSG5-59b83214,2025-10-10T17:36:40+00:00,44,217416.06,Kelly Ray,PMT-a67699,TRF,2025-10-27,INSTR-35,E2E-6fa1a45056,355.16,USD,Kelly Ray,DE52IYEK65290603202032,MKASGB44,Brian Moore,PL57XZUF60423597371122,EXTSGBB2,James Oval,159,North Paul,PL,PENS,Land you health enjoy at.,pain001_5.xml
MSG5-59b83214,2025-10-10T17:36:40+00:00,44,217416.06,Kelly Ray,PMT-a67699,TRF,2025-10-27,INSTR-36,E2E-9a179653cc,3461.59,GBP,Kelly Ray,DE52IYEK65290603202032,MKASGB44,Paul Myers,DE79SQAJ25373377731268,UURZGBEJ,Brown Turnpike,190,North Aliciaview,DE,PENS,Tax certainly set local.,pain001_5.xml
MSG5-59b83214,2025-10-10T17:36:40+00:00,44,217416.06,Kelly Ray,PMT-a67699,TRF,2025-10-27,INSTR-37,E2E-3646a01fde,13474.57,CAD,Kelly Ray,DE52IYEK65290603202032,MKASGB44,Darin Baker,PL92GVXL67932798623984,PYCNGBB0,Karen Canyon,39,Kimberlytown,PL,TAXS,No relate since significant.,pain001_5.xml
MSG5-59b83214,2025-10-10T17:36:40+00:00,44,217416.06,Kelly Ray,PMT-a67699,TRF,2025-10-27,INSTR-38,E2E-e0ce3c3c9b,6633.52,CHF,Kelly Ray,DE52IYEK65290603202032,MKASGB44,Sylvia Turner,GB81YWSW89992751758891,IUIIGBS6,Calhoun Walk,28,Dixonfurt,GB,TRAD,Fine town trade not give.,pain001_5.xml
MSG5-59b83214,2025-10-10T17:36:40+00:00,44,217416.06,Kelly Ray,PMT-a67699,TRF,2025-10-27,INSTR-39,E2E-ab85619de7,5469.74,CHF,Kelly Ray,DE52IYEK65290603202032,MKASGB44,Chelsea Austin,PT73WRRK37982143395275,HMPWGBR3,Leah Spurs,111,Jamesstad,PT,SALA,Country various until lawyer.,pain001_5.xml
MSG5-59b83214,2025-10-10T17:36:40+00:00,44,217416.06,Kelly Ray,PMT-a67699,TRF,2025-10-27,INSTR-40,E2E-c5fb8265af,1266408.71,JPY,Kelly Ray,DE52IYEK65290603202032,MKASGB44,Karen Hughes,NL96BCID88421630900159,XIJNGBPO,Donald Crossing,27,Kathleenton,NL,INTC,Peace number environment need subject.,pain001_5.xml
MSG5-59b83214,2025-10-10T17:36:40+00:00,44,217416.06,Kelly Ray,PMT-a67699,TRF,2025-10-27,INSTR-41,E2E-9855199712,1466.42,EUR,Kelly Ray,DE52IYEK65290603202032,MKASGB44,Janet Weaver,NL37DHNH37922341034699,MOGHGBGF,Stephanie Course,144,Lisaville,NL,TRAD,Here there whether rather none.,pain001_5.xml
MSG5-59b83214,2025-10-10T17:36:40+00:00,44,217416.06,Kelly Ray,PMT-a67699,TRF,2025-10-27,INSTR-42,E2E-fafc172922,1580648.03,JPY,Kelly Ray,DE52IYEK65290603202032,MKASGB44,John Ramsey,FR74IPFF39898306503121,TWRBGBQF,Davis Glens,50,Jeremystad,FR,TRAD,Coach at the per of.,pain001_5.xml
MSG5-59b83214,2025-10-10T17:36:40+00:00,44,217416.06,Kelly Ray,PMT-a67699,TRF,2025-10-27,INSTR-43,E2E-14ee3be290,494819.85,JPY,Kelly Ray,DE52IYEK65290603202032,MKASGB44,Tyrone Morrison,PL53RDYO85228230524808,QBMEGBKD,Carlos Courts,166,Lisaburgh,PL,TAXS,Report require class paper.,pain001_5.xml
MSG5-59b83214,2025-10-10T17:36:40+00:00,44,217416.06,Kelly Ray,PMT-a67699,TRF,2025-10-27,INSTR-44,E2E-eaac2cc6c1,11622.63,PLN,Kelly Ray,DE52IYEK65290603202032,MKASGB44,Robert Byrd,NL28UQLZ99648628720319,LJDTGB0Y,Pierce Stream,66,Onealmouth,NL,DIVD,Last opportunity serve cause.,pain001_5.xml
